t [s];Tf [degC];P [W]
4740;19,03;9626
4800;19,04;9616
4860;19,06;9613
4920;19,08;9607
4980;19,10;9634
5040;19,12;9653
5100;19,14;9652
5160;19,16;9611
5220;19,18;9614
5280;19,20;9642
5340;19,21;9609
5400;19,20;9544
5460;19,22;9577
5520;19,24;9599
5580;19,25;9591
5640;19,27;9582
5700;19,29;9592
5760;19,30;9596
5820;19,31;9594
5880;19,33;9603
5940;19,34;9610
6000;19,37;9615
6060;19,39;9608
6120;19,39;9595
6180;19,39;9558
6240;19,40;9548
6300;19,42;9574
6360;19,43;9554
6420;19,44;9562
6480;19,46;9566
6540;19,47;9564
6600;19,50;9607
6660;19,51;9610
6720;19,53;9641
6780;19,54;9614
6840;19,56;9648
6900;19,56;9609
6960;19,58;9593
7020;19,60;9630
7080;19,62;9628
7140;19,62;9623
7200;19,63;9620
7260;19,64;9592
7320;19,66;9617
7380;19,67;9625
7440;19,69;9639
7500;19,70;9633
7560;19,71;9621
7620;19,72;9634
7680;19,73;9624
7740;19,75;9642
7800;19,77;9652
7860;19,78;9644
7920;19,79;9638
7980;19,80;9631
8040;19,82;9655
8100;19,82;9635
8160;19,83;9634
8220;19,84;9617
8280;19,85;9622
8340;19,86;9630
8400;19,87;9623
8460;19,88;9615
8520;19,89;9615
8580;19,91;9650
8640;19,92;9629
8700;19,92;9599
8760;19,94;9619
8820;19,95;9620
8880;19,96;9636
8940;19,95;9552
9000;19,94;9454
9060;19,96;9485
9120;19,97;9486
9180;19,98;9492
9240;20,00;9529
9300;20,01;9534
9360;20,03;9538
9420;20,04;9577
9480;20,03;9589
9540;20,05;9585
9600;20,06;9593
9660;20,08;9586
9720;20,09;9581
9780;20,10;9604
9840;20,12;9628
9900;20,12;9590
9960;20,14;9594
10020;20,15;9617
10080;20,16;9586
10140;20,17;9592
10200;20,20;9613
10260;20,19;9629
10320;20,19;9628
10380;20,19;9598
10440;20,20;9603
10500;20,22;9627
10560;20,24;9626
10620;20,24;9616
10680;20,25;9619
10740;20,27;9650
10800;20,28;9627
10860;20,28;9593
10920;20,29;9605
10980;20,30;9597
11040;20,32;9631
11100;20,33;9623
11160;20,34;9630
11220;20,34;9624
11280;20,35;9614
11340;20,36;9606
11400;20,37;9597
11460;20,38;9629
11520;20,39;9629
11580;20,40;9634
11640;20,41;9643
11700;20,42;9622
11760;20,43;9627
11820;20,44;9635
11880;20,44;9609
11940;20,46;9623
12000;20,47;9645
12060;20,47;9613
12120;20,48;9626
12180;20,49;9632
12240;20,49;9600
12300;20,51;9637
12360;20,51;9615
12420;20,52;9633
12480;20,52;9621
12540;20,53;9613
12600;20,54;9613
12660;20,54;9602
12720;20,55;9594
12780;20,56;9617
12840;20,57;9602
12900;20,58;9606
12960;20,59;9617
13020;20,60;9611
13080;20,60;9608
13140;20,61;9596
13200;20,62;9595
13260;20,63;9623
13320;20,64;9631
13380;20,65;9624
13440;20,66;9626
13500;20,66;9619
13560;20,67;9631
13620;20,67;9606
13680;20,68;9609
13740;20,67;9565
13800;20,68;9554
13860;20,69;9553
13920;20,70;9575
13980;20,71;9586
14040;20,71;9570
14100;20,73;9598
14160;20,74;9595
14220;20,74;9585
14280;20,76;9610
14340;20,77;9614
14400;20,78;9620
14460;20,78;9620
14520;20,79;9613
14580;20,80;9618
14640;20,80;9624
14700;20,81;9622
14760;20,82;9618
14820;20,83;9633
14880;20,84;9656
14940;20,84;9642
15000;20,84;9611
15060;20,85;9625
15120;20,86;9622
15180;20,85;9584
15240;20,87;9623
15300;20,87;9597
15360;20,87;9591
15420;20,88;9583
15480;20,88;9573
15540;20,89;9591
15600;20,90;9581
15660;20,90;9579
15720;20,91;9577
15780;20,92;9587
15840;20,93;9611
15900;20,96;9679
15960;20,92;9519
16020;20,92;9485
16080;21,00;9762
16140;21,00;9726
16200;20,96;9560
16260;20,98;9587
16320;20,99;9602
16380;20,99;9576
16440;20,99;9563
16500;21,00;9575
16560;21,02;9609
16620;21,02;9585
16680;21,03;9609
16740;21,04;9613
16800;21,04;9624
16860;21,04;9600
16920;21,05;9587
16980;21,06;9607
17040;21,07;9618
17100;21,07;9622
17160;21,08;9603
17220;21,08;9589
17280;21,09;9615
17340;21,10;9627
17400;21,11;9619
17460;21,11;9619
17520;21,12;9635
17580;21,13;9649
17640;21,13;9629
17700;21,14;9624
17760;21,15;9645
17820;21,16;9643
17880;21,16;9628
17940;21,16;9623
18000;21,17;9625
18060;21,18;9624
18120;21,18;9623
18180;21,19;9621
18240;21,19;9624
18300;21,20;9622
18360;21,20;9630
18420;21,21;9625
18480;21,22;9654
18540;21,24;9677
18600;21,24;9680
18660;21,24;9659
18720;21,24;9635
18780;21,25;9637
18840;21,26;9651
18900;21,27;9663
18960;21,27;9659
19020;21,27;9643
19080;21,28;9638
19140;21,28;9636
19200;21,28;9620
19260;21,29;9607
19320;21,30;9628
19380;21,31;9646
19440;21,31;9634
19500;21,32;9639
19560;21,32;9639
19620;21,32;9620
19680;21,33;9621
19740;21,34;9627
19800;21,35;9657
19860;21,35;9637
19920;21,35;9614
19980;21,36;9623
20040;21,36;9620
20100;21,37;9613
20160;21,37;9609
20220;21,38;9611
20280;21,39;9621
20340;21,39;9635
20400;21,40;9646
20460;21,41;9630
20520;21,41;9613
20580;21,41;9615
20640;21,41;9615
20700;21,42;9618
20760;21,42;9585
20820;21,43;9622
20880;21,44;9637
20940;21,40;9461
21000;21,41;9478
21060;21,42;9489
21120;21,43;9506
21180;21,44;9541
21240;21,45;9559
21300;21,46;9564
21360;21,47;9594
21420;21,48;9608
21480;21,49;9607
21540;21,49;9621
21600;21,50;9633
21660;21,51;9631
21720;21,51;9613
21780;21,51;9598
21840;21,52;9614
21900;21,52;9618
21960;21,52;9605
22020;21,53;9609
22080;21,53;9611
22140;21,54;9610
22200;21,54;9615
22260;21,54;9596
22320;21,55;9600
22380;21,56;9627
22440;21,57;9642
22500;21,56;9622
22560;21,57;9624
22620;21,58;9653
22680;21,59;9641
22740;21,59;9625
22800;21,60;9628
22860;21,60;9640
22920;21,61;9645
22980;21,61;9630
23040;21,61;9612
23100;21,61;9605
23160;21,62;9616
23220;21,62;9611
23280;21,62;9596
23340;21,64;9625
23400;21,64;9643
23460;21,65;9647
23520;21,64;9611
23580;21,65;9613
23640;21,66;9623
23700;21,66;9612
23760;21,66;9608
23820;21,67;9609
23880;21,67;9609
23940;21,68;9610
24000;21,68;9608
24060;21,69;9620
24120;21,69;9625
24180;21,70;9625
24240;21,71;9628
24300;21,71;9637
24360;21,71;9630
24420;21,72;9631
24480;21,73;9631
24540;21,72;9616
24600;21,73;9612
24660;21,73;9614
24720;21,74;9628
24780;21,74;9623
24840;21,75;9624
24900;21,75;9613
24960;21,75;9598
25020;21,76;9610
25080;21,77;9619
25140;21,77;9624
25200;21,77;9612
25260;21,78;9615
25320;21,79;9630
25380;21,79;9640
25440;21,80;9633
25500;21,80;9638
25560;21,81;9650
25620;21,81;9647
25680;21,81;9626
25740;21,82;9625
25800;21,81;9597
25860;21,81;9558
25920;21,81;9559
25980;21,81;9546
26040;21,81;9544
26100;21,82;9568
26160;21,83;9563
26220;21,83;9566
26280;21,84;9585
26340;21,85;9586
26400;21,85;9600
26460;21,86;9597
26520;21,86;9614
26580;21,87;9605
26640;21,87;9599
26700;21,87;9584
26760;21,88;9613
26820;21,89;9606
26880;21,89;9603
26940;21,89;9601
27000;21,90;9599
27060;21,90;9606
27120;21,91;9628
27180;21,92;9627
27240;21,92;9610
27300;21,92;9610
27360;21,93;9622
27420;21,93;9630
27480;21,93;9616
27540;21,94;9628
27600;21,94;9643
27660;21,94;9613
27720;21,94;9608
27780;21,95;9606
27840;21,95;9607
27900;21,95;9584
27960;21,95;9593
28020;21,96;9605
28080;21,97;9620
28140;21,96;9549
28200;21,96;9550
28260;21,97;9565
28320;21,98;9586
28380;21,98;9574
28440;21,99;9588
28500;21,99;9602
28560;22,00;9596
28620;22,00;9601
28680;22,00;9595
28740;22,01;9600
28800;22,01;9615
28860;22,02;9607
28920;22,02;9607
28980;22,03;9607
29040;22,03;9594
29100;22,03;9603
29160;22,05;9644
29220;22,04;9626
29280;22,05;9610
29340;22,05;9623
29400;22,05;9608
29460;22,06;9631
29520;22,06;9627
29580;22,07;9620
29640;22,07;9624
29700;22,07;9602
29760;22,07;9596
29820;22,07;9590
29880;22,07;9582
29940;22,07;9573
30000;22,08;9572
30060;22,08;9578
30120;22,09;9583
30180;22,09;9597
30240;22,10;9617
30300;22,11;9626
30360;22,11;9619
30420;22,11;9609
30480;22,11;9596
30540;22,12;9606
30600;22,12;9603
30660;22,13;9619
30720;22,13;9600
30780;22,13;9610
30840;22,13;9611
30900;22,14;9619
30960;22,14;9618
31020;22,14;9621
31080;22,15;9610
31140;22,15;9631
31200;22,15;9622
31260;22,16;9624
31320;22,16;9632
31380;22,16;9616
31440;22,16;9604
31500;22,17;9608
31560;22,17;9609
31620;22,18;9613
31680;22,18;9621
31740;22,18;9610
31800;22,18;9617
31860;22,19;9625
31920;22,19;9614
31980;22,19;9614
32040;22,20;9619
32100;22,21;9631
32160;22,21;9624
32220;22,22;9628
32280;22,23;9657
32340;22,23;9641
32400;22,23;9639
32460;22,23;9634
32520;22,23;9631
32580;22,24;9625
32640;22,24;9617
32700;22,24;9606
32760;22,24;9599
32820;22,24;9595
32880;22,25;9601
32940;22,25;9608
33000;22,25;9599
33060;22,26;9602
33120;22,26;9618
33180;22,27;9618
33240;22,27;9619
33300;22,27;9622
33360;22,28;9631
33420;22,28;9628
33480;22,28;9613
33540;22,29;9631
33600;22,29;9637
33660;22,30;9635
33720;22,30;9642
33780;22,30;9641
33840;22,31;9640
33900;22,31;9640
33960;22,31;9630
34020;22,31;9605
34080;22,32;9629
34140;22,33;9641
34200;22,33;9635
34260;22,33;9626
34320;22,33;9624
34380;22,33;9625
34440;22,34;9622
34500;22,34;9631
34560;22,34;9625
34620;22,35;9627
34680;22,35;9617
34740;22,35;9617
34800;22,36;9627
34860;22,36;9625
34920;22,36;9608
34980;22,37;9629
35040;22,37;9625
35100;22,38;9647
35160;22,38;9652
35220;22,38;9626
35280;22,38;9623
35340;22,39;9639
35400;22,39;9631
35460;22,39;9640
35520;22,39;9627
35580;22,40;9622
35640;22,40;9625
35700;22,40;9616
35760;22,41;9610
35820;22,41;9618
35880;22,42;9632
35940;22,42;9629
36000;22,42;9627
36060;22,42;9617
36120;22,42;9614
36180;22,43;9633
36240;22,43;9616
36300;22,43;9610
36360;22,44;9623
36420;22,44;9621
36480;22,44;9616
36540;22,45;9620
36600;22,45;9616
36660;22,45;9631
36720;22,45;9614
36780;22,46;9610
36840;22,46;9625
36900;22,46;9620
36960;22,46;9621
37020;22,47;9616
37080;22,47;9598
37140;22,47;9605
37200;22,48;9621
37260;22,48;9610
37320;22,48;9608
37380;22,48;9621
37440;22,48;9609
37500;22,49;9621
37560;22,49;9614
37620;22,49;9611
37680;22,50;9623
37740;22,50;9643
37800;22,51;9638
37860;22,51;9634
37920;22,51;9636
37980;22,52;9659
38040;22,52;9651
38100;22,52;9647
38160;22,53;9643
38220;22,53;9648
38280;22,53;9633
38340;22,53;9632
38400;22,53;9636
38460;22,53;9633
38520;22,53;9623
38580;22,54;9613
38640;22,54;9610
38700;22,54;9608
38760;22,54;9604
38820;22,54;9594
38880;22,55;9599
38940;22,56;9611
39000;22,56;9635
39060;22,57;9629
39120;22,57;9638
39180;22,57;9636
39240;22,58;9641
39300;22,58;9631
39360;22,58;9632
39420;22,59;9640
39480;22,59;9643
39540;22,59;9632
39600;22,59;9634
39660;22,59;9618
39720;22,60;9622
39780;22,59;9601
39840;22,59;9593
39900;22,60;9602
39960;22,60;9598
40020;22,60;9601
40080;22,60;9604
40140;22,61;9610
40200;22,61;9607
40260;22,61;9607
40320;22,62;9607
40380;22,62;9604
40440;22,62;9618
40500;22,63;9616
40560;22,63;9629
40620;22,63;9608
40680;22,64;9627
40740;22,64;9635
40800;22,64;9613
40860;22,65;9622
40920;22,65;9648
40980;22,65;9636
41040;22,65;9627
41100;22,66;9636
41160;22,66;9618
41220;22,66;9613
41280;22,66;9628
41340;22,67;9631
41400;22,67;9633
41460;22,67;9626
41520;22,67;9609
41580;22,67;9599
41640;22,67;9605
41700;22,68;9622
41760;22,68;9619
41820;22,68;9605
41880;22,68;9613
41940;22,69;9628
42000;22,69;9629
42060;22,69;9607
42120;22,70;9624
42180;22,70;9612
42240;22,70;9612
42300;22,70;9616
42360;22,71;9620
42420;22,71;9615
42480;22,71;9623
42540;22,72;9626
42600;22,72;9621
42660;22,72;9627
42720;22,72;9615
42780;22,72;9600
42840;22,73;9619
42900;22,74;9639
42960;22,74;9642
43020;22,74;9643
43080;22,74;9639
43140;22,74;9633
43200;22,75;9636
43260;22,75;9626
43320;22,75;9631
43380;22,75;9634
43440;22,76;9635
43500;22,76;9634
43560;22,76;9613
43620;22,76;9625
43680;22,76;9616
43740;22,77;9617
43800;22,76;9603
43860;22,77;9609
43920;22,77;9637
43980;22,78;9630
44040;22,78;9623
44100;22,78;9623
44160;22,78;9615
44220;22,78;9619
44280;22,79;9615
44340;22,79;9606
44400;22,79;9611
44460;22,79;9618
44520;22,79;9616
44580;22,80;9612
44640;22,80;9609
44700;22,81;9625
44760;22,80;9619
44820;22,81;9604
44880;22,81;9604
44940;22,82;9626
45000;22,82;9630
45060;22,82;9622
45120;22,82;9624
45180;22,83;9630
45240;22,83;9625
45300;22,83;9615
45360;22,83;9604
45420;22,83;9622
45480;22,83;9618
45540;22,83;9587
45600;22,83;9576
45660;22,83;9590
45720;22,84;9609
45780;22,84;9609
45840;22,85;9610
45900;22,84;9604
45960;22,85;9611
46020;22,85;9615
46080;22,86;9616
46140;22,86;9615
46200;22,86;9620
46260;22,86;9613
46320;22,86;9618
46380;22,86;9611
46440;22,87;9615
46500;22,86;9606
46560;22,87;9604
46620;22,87;9617
46680;22,88;9625
46740;22,88;9623
46800;22,88;9623
46860;22,88;9609
46920;22,88;9614
46980;22,89;9626
47040;22,89;9618
47100;22,89;9614
47160;22,89;9617
47220;22,90;9622
47280;22,90;9612
47340;22,90;9605
47400;22,90;9605
47460;22,90;9597
47520;22,90;9601
47580;22,90;9597
47640;22,91;9603
47700;22,91;9595
47760;22,91;9610
47820;22,92;9614
47880;22,92;9620
47940;22,92;9621
48000;22,92;9612
48060;22,93;9615
48120;22,93;9608
48180;22,93;9608
48240;22,93;9610
48300;22,94;9611
48360;22,94;9621
48420;22,94;9624
48480;22,94;9616
48540;22,94;9611
48600;22,94;9609
48660;22,95;9610
48720;22,95;9624
48780;22,96;9631
48840;22,95;9610
48900;22,95;9608
48960;22,96;9609
49020;22,96;9617
49080;22,96;9622
49140;22,96;9597
49200;22,97;9610
49260;22,97;9621
49320;22,97;9612
49380;22,97;9596
49440;22,97;9612
49500;22,98;9624
49560;22,98;9603
49620;22,98;9603
49680;22,99;9620
49740;22,99;9627
49800;22,99;9616
49860;22,99;9615
49920;23,00;9627
49980;23,00;9622
50040;23,00;9612
50100;23,00;9595
50160;23,00;9611
50220;23,00;9603
50280;23,00;9603
50340;23,00;9594
50400;23,01;9602
50460;23,01;9604
50520;23,01;9600
50580;23,01;9578
50640;23,02;9598
50700;23,01;9576
50760;23,02;9605
50820;23,02;9600
50880;23,02;9596
50940;23,03;9603
51000;23,03;9597
51060;23,03;9597
51120;23,03;9598
51180;23,03;9600
51240;23,03;9588
51300;23,03;9566
51360;23,04;9588
51420;23,05;9615
51480;23,04;9593
51540;23,04;9585
51600;23,05;9601
51660;23,05;9578
51720;23,05;9601
51780;23,06;9617
51840;23,06;9630
51900;23,07;9624
51960;23,06;9618
52020;23,07;9623
52080;23,07;9641
52140;23,08;9645
52200;23,08;9645
52260;23,07;9618
52320;23,07;9616
52380;23,08;9609
52440;23,08;9606
52500;23,09;9621
52560;23,08;9612
52620;23,09;9624
52680;23,09;9622
52740;23,09;9598
52800;23,09;9618
52860;23,10;9630
52920;23,10;9634
52980;23,10;9621
53040;23,11;9636
53100;23,11;9634
53160;23,11;9633
53220;23,11;9626
53280;23,11;9626
53340;23,12;9641
53400;23,11;9622
53460;23,11;9593
53520;23,11;9577
53580;23,11;9582
53640;23,12;9603
53700;23,12;9611
53760;23,13;9615
53820;23,13;9618
53880;23,12;9602
53940;23,12;9593
54000;23,13;9607
54060;23,13;9612
54120;23,13;9601
54180;23,13;9600
54240;23,14;9605
54300;23,14;9593
54360;23,14;9581
54420;23,14;9591
54480;23,14;9590
54540;23,14;9573
54600;23,14;9574
54660;23,14;9567
54720;23,15;9576
54780;23,16;9612
54840;23,15;9567
54900;23,20;9751
54960;23,21;9788
55020;23,20;9760
55080;23,20;9731
55140;23,20;9723
55200;23,20;9713
55260;23,19;9677
55320;23,19;9687
55380;23,19;9682
55440;23,20;9680
55500;23,20;9673
55560;23,18;9624
55620;23,19;9631
55680;23,19;9634
55740;23,19;9633
55800;23,20;9646
55860;23,19;9618
55920;23,19;9625
55980;23,19;9616
56040;23,20;9617
56100;23,20;9628
56160;23,20;9620
56220;23,20;9610
56280;23,21;9623
56340;23,21;9622
56400;23,21;9603
56460;23,21;9620
56520;23,22;9612
56580;23,21;9596
56640;23,22;9604
56700;23,22;9601
56760;23,22;9604
56820;23,22;9620
56880;23,23;9625
56940;23,23;9614
57000;23,22;9601
57060;23,23;9601
57120;23,23;9601
57180;23,23;9595
57240;23,23;9587
57300;23,23;9589
57360;23,23;9601
57420;23,24;9621
57480;23,23;9584
57540;23,23;9575
57600;23,24;9615
57660;23,25;9614
57720;23,24;9600
57780;23,24;9593
57840;23,24;9587
57900;23,25;9598
57960;23,25;9599
58020;23,26;9621
58080;23,26;9629
58140;23,26;9623
58200;23,26;9627
58260;23,26;9621
58320;23,26;9612
58380;23,26;9607
58440;23,26;9593
58500;23,26;9595
58560;23,27;9607
58620;23,27;9599
58680;23,27;9605
58740;23,28;9628
58800;23,28;9624
58860;23,28;9606
58920;23,28;9604
58980;23,28;9594
59040;23,28;9591
59100;23,28;9569
59160;23,30;9611
59220;23,30;9616
59280;23,30;9598
59340;23,30;9597
59400;23,30;9605
59460;23,29;9596
59520;23,29;9591
59580;23,30;9600
59640;23,29;9579
59700;23,30;9581
59760;23,31;9636
59820;23,32;9655
59880;23,32;9647
59940;23,32;9637
60000;23,32;9625
60060;23,32;9635
60120;23,32;9631
60180;23,32;9616
60240;23,33;9649
60300;23,33;9637
60360;23,33;9645
60420;23,33;9623
60480;23,33;9599
60540;23,34;9642
60600;23,35;9698
60660;23,35;9701
60720;23,35;9670
60780;23,35;9663
60840;23,35;9661
60900;23,35;9662
60960;23,35;9650
61020;23,35;9623
61080;23,36;9675
61140;23,38;9736
61200;23,37;9706
61260;23,37;9681
61320;23,36;9661
61380;23,36;9631
61440;23,36;9625
61500;23,36;9617
61560;23,36;9626
61620;23,36;9624
61680;23,37;9637
61740;23,38;9646
61800;23,38;9644
61860;23,38;9645
61920;23,38;9634
61980;23,38;9659
62040;23,39;9658
62100;23,38;9647
62160;23,39;9652
62220;23,38;9636
62280;23,39;9652
62340;23,38;9613
62400;23,38;9611
62460;23,39;9627
62520;23,39;9607
62580;23,39;9616
62640;23,39;9617
62700;23,40;9631
62760;23,40;9629
62820;23,41;9660
62880;23,41;9668
62940;23,41;9671
63000;23,41;9662
63060;23,41;9654
63120;23,41;9638
63180;23,42;9651
63240;23,42;9659
63300;23,41;9630
63360;23,41;9627
63420;23,41;9616
63480;23,41;9608
63540;23,42;9610
63600;23,41;9596
63660;23,42;9599
63720;23,42;9622
63780;23,43;9631
63840;23,43;9621
63900;23,43;9628
63960;23,43;9624
64020;23,43;9615
64080;23,44;9637
64140;23,44;9640
64200;23,44;9649
64260;23,44;9639
64320;23,44;9621
64380;23,43;9596
64440;23,43;9585
64500;23,46;9664
64560;23,45;9641
64620;23,46;9677
64680;23,46;9662
64740;23,46;9649
64800;23,45;9621
64860;23,46;9670
64920;23,48;9702
64980;23,48;9706
65040;23,48;9695
65100;23,47;9666
65160;23,43;9505
65220;23,42;9477
65280;23,43;9492
65340;23,47;9629
65400;23,49;9724
65460;23,45;9536
65520;23,43;9480
65580;23,40;9365
65640;23,43;9449
65700;23,44;9498
65760;23,45;9524
65820;23,45;9501
65880;23,46;9525
65940;23,46;9524
66000;23,46;9541
66060;23,51;9718
66120;23,53;9776
66180;23,51;9712
66240;23,51;9695
66300;23,51;9710
66360;23,51;9682
66420;23,50;9657
66480;23,50;9620
66540;23,49;9604
66600;23,49;9595
66660;23,49;9599
66720;23,50;9611
66780;23,49;9594
66840;23,50;9593
66900;23,50;9613
66960;23,50;9613
67020;23,50;9609
67080;23,50;9614
67140;23,50;9614
67200;23,51;9620
67260;23,51;9637
67320;23,52;9645
67380;23,51;9631
67440;23,51;9623
67500;23,51;9598
67560;23,52;9632
67620;23,52;9623
67680;23,53;9634
67740;23,53;9641
67800;23,53;9635
67860;23,53;9617
67920;23,53;9625
67980;23,54;9638
68040;23,54;9630
68100;23,53;9611
68160;23,54;9617
68220;23,54;9622
68280;23,54;9622
68340;23,54;9637
68400;23,54;9602
68460;23,54;9592
68520;23,54;9605
68580;23,53;9567
68640;23,54;9586
68700;23,54;9602
68760;23,55;9631
68820;23,56;9650
68880;23,56;9636
68940;23,55;9629
69000;23,56;9628
69060;23,56;9626
69120;23,56;9612
69180;23,55;9589
69240;23,56;9601
69300;23,55;9595
69360;23,56;9604
69420;23,56;9608
69480;23,56;9603
69540;23,57;9614
69600;23,57;9604
69660;23,56;9583
69720;23,57;9595
69780;23,58;9624
69840;23,58;9637
69900;23,58;9629
69960;23,58;9611
70020;23,59;9637
70080;23,58;9624
70140;23,58;9608
70200;23,59;9635
70260;23,57;9538
70320;23,57;9544
70380;23,57;9544
70440;23,63;9769
70500;23,63;9752
70560;23,62;9705
70620;23,61;9697
70680;23,62;9696
70740;23,62;9698
70800;23,62;9708
70860;23,62;9700
70920;23,62;9675
70980;23,62;9690
71040;23,62;9691
71100;23,62;9669
71160;23,62;9677
71220;23,62;9666
71280;23,62;9651
71340;23,61;9634
71400;23,62;9657
71460;23,62;9648
71520;23,62;9650
71580;23,62;9646
71640;23,62;9629
71700;23,63;9650
71760;23,62;9638
71820;23,63;9647
71880;23,63;9628
71940;23,63;9621
72000;23,64;9641
72060;23,63;9624
72120;23,64;9636
72180;23,64;9646
72240;23,65;9652
72300;23,65;9651
72360;23,64;9632
72420;23,64;9630
72480;23,65;9631
72540;23,65;9645
72600;23,65;9644
72660;23,65;9618
72720;23,65;9648
72780;23,65;9632
72840;23,65;9606
72900;23,66;9637
72960;23,65;9619
73020;23,66;9620
73080;23,67;9673
73140;23,68;9702
73200;23,68;9683
73260;23,67;9669
73320;23,67;9658
73380;23,67;9647
73440;23,63;9476
73500;23,63;9458
73560;23,64;9497
73620;23,63;9488
73680;23,65;9534
73740;23,66;9549
73800;23,66;9546
73860;23,66;9569
73920;23,67;9576
73980;23,67;9595
74040;23,67;9600
74100;23,67;9569
74160;23,67;9564
74220;23,68;9608
74280;23,68;9614
74340;23,68;9608
74400;23,68;9584
74460;23,68;9598
74520;23,68;9584
74580;23,69;9608
74640;23,69;9603
74700;23,70;9621
74760;23,70;9617
74820;23,70;9641
74880;23,70;9621
74940;23,70;9621
75000;23,70;9630
75060;23,70;9631
75120;23,70;9628
75180;23,70;9616
75240;23,70;9635
75300;23,71;9641
75360;23,71;9625
75420;23,71;9630
75480;23,70;9605
75540;23,69;9551
75600;23,69;9553
75660;23,71;9611
75720;23,71;9594
75780;23,71;9600
75840;23,71;9582
75900;23,71;9596
75960;23,72;9611
76020;23,72;9613
76080;23,72;9613
76140;23,72;9601
76200;23,72;9615
76260;23,72;9623
76320;23,73;9624
76380;23,73;9612
76440;23,73;9613
76500;23,73;9622
76560;23,73;9605
76620;23,73;9615
76680;23,74;9647
76740;23,74;9638
76800;23,74;9618
76860;23,74;9629
76920;23,75;9645
76980;23,75;9634
77040;23,75;9646
77100;23,75;9636
77160;23,75;9643
77220;23,75;9635
77280;23,75;9611
77340;23,74;9583
77400;23,75;9602
77460;23,75;9595
77520;23,75;9594
77580;23,75;9605
77640;23,75;9603
77700;23,76;9631
77760;23,76;9629
77820;23,76;9625
77880;23,76;9616
77940;23,76;9611
78000;23,77;9627
78060;23,77;9623
78120;23,77;9617
78180;23,77;9613
78240;23,77;9613
78300;23,77;9606
78360;23,77;9596
78420;23,77;9614
78480;23,78;9617
78540;23,78;9638
78600;23,78;9623
78660;23,79;9632
78720;23,79;9643
78780;23,79;9647
78840;23,79;9627
78900;23,78;9594
78960;23,79;9625
79020;23,79;9606
79080;23,79;9636
79140;23,80;9666
79200;23,80;9656
79260;23,80;9645
79320;23,81;9658
79380;23,81;9658
79440;23,80;9640
79500;23,81;9655
79560;23,81;9656
79620;23,81;9637
79680;23,82;9663
79740;23,82;9680
79800;23,81;9661
79860;23,78;9499
79920;23,75;9412
79980;23,85;9780
80040;23,84;9745
80100;23,84;9729
80160;23,84;9712
80220;23,84;9698
80280;23,85;9736
80340;23,85;9743
80400;23,84;9701
80460;23,84;9704
80520;23,84;9703
80580;23,84;9678
80640;23,83;9653
80700;23,84;9669
80760;23,84;9671
80820;23,84;9648
80880;23,84;9663
80940;23,84;9666
81000;23,84;9652
81060;23,84;9654
81120;23,84;9638
81180;23,84;9630
81240;23,85;9653
81300;23,85;9659
81360;23,85;9653
81420;23,85;9646
81480;23,85;9648
81540;23,86;9688
81600;23,82;9516
81660;23,82;9520
81720;23,83;9541
81780;23,83;9543
81840;23,84;9563
81900;23,83;9544
81960;23,84;9584
82020;23,84;9583
82080;23,85;9576
82140;23,85;9603
82200;23,85;9599
82260;23,86;9601
82320;23,86;9595
82380;23,86;9585
82440;23,86;9604
82500;23,87;9610
82560;23,87;9610
82620;23,87;9608
82680;23,87;9603
82740;23,87;9620
82800;23,87;9607
82860;23,87;9608
82920;23,88;9637
82980;23,89;9666
83040;23,89;9654
83100;23,88;9636
83160;23,87;9594
83220;23,88;9620
83280;23,89;9645
83340;23,88;9616
83400;23,88;9609
83460;23,88;9600
83520;23,88;9610
83580;23,88;9602
83640;23,88;9587
83700;23,89;9619
83760;23,90;9645
83820;23,90;9651
83880;23,90;9641
83940;23,91;9666
84000;23,91;9662
84060;23,90;9650
84120;23,91;9657
84180;23,90;9629
84240;23,90;9632
84300;23,91;9646
84360;23,91;9645
84420;23,91;9647
84480;23,91;9619
84540;23,90;9601
84600;23,90;9618
84660;23,91;9633
84720;23,91;9617
84780;23,91;9633
84840;23,91;9630
84900;23,92;9650
84960;23,92;9661
85020;23,92;9630
85080;23,92;9631
85140;23,92;9635
85200;23,92;9639
85260;23,93;9644
85320;23,93;9631
85380;23,93;9632
85440;23,93;9644
85500;23,93;9622
85560;23,92;9601
85620;23,92;9597
85680;23,93;9608
85740;23,93;9613
85800;23,93;9609
85860;23,93;9607
85920;23,93;9631
85980;23,93;9617
86040;23,93;9623
86100;23,93;9611
86160;23,94;9622
86220;23,94;9617
86280;23,94;9629
86340;23,94;9630
86400;23,94;9638
86460;23,95;9654
86520;23,95;9634
86580;23,95;9632
86640;23,95;9643
86700;23,96;9654
86760;23,96;9642
86820;23,96;9641
86880;23,96;9650
86940;23,97;9694
87000;23,97;9655
87060;23,97;9649
87120;23,97;9644
87180;23,97;9665
87240;23,97;9640
87300;23,97;9651
87360;23,97;9660
87420;23,98;9661
87480;23,97;9633
87540;23,97;9639
87600;23,97;9633
87660;23,97;9636
87720;23,98;9646
87780;23,98;9658
87840;23,99;9666
87900;23,98;9657
87960;23,98;9649
88020;23,98;9631
88080;23,98;9636
88140;23,98;9637
88200;23,98;9633
88260;23,99;9630
88320;23,99;9619
88380;23,99;9624
88440;23,99;9619
88500;23,99;9621
88560;23,99;9638
88620;23,99;9629
88680;23,99;9607
88740;23,99;9630
88800;24,00;9629
88860;23,99;9619
88920;24,00;9644
88980;24,00;9630
89040;24,00;9624
89100;24,00;9612
89160;24,00;9610
89220;24,00;9615
89280;24,00;9620
89340;24,01;9640
89400;24,01;9634
89460;24,01;9629
89520;24,01;9619
89580;24,01;9618
89640;24,01;9628
89700;24,01;9615
89760;24,01;9614
89820;24,01;9617
89880;24,01;9624
89940;24,02;9623
90000;24,01;9539
90060;23,99;9498
90120;24,00;9511
90180;24,01;9551
90240;24,01;9542
90300;24,01;9561
90360;24,02;9585
90420;24,02;9595
90480;24,03;9614
90540;24,03;9618
90600;24,03;9619
90660;24,03;9604
90720;24,03;9606
90780;24,03;9604
90840;24,03;9573
90900;24,04;9603
90960;24,03;9568
91020;24,01;9506
91080;24,01;9482
91140;24,02;9513
91200;24,02;9513
91260;24,03;9542
91320;24,03;9521
91380;24,04;9556
91440;24,04;9566
91500;24,05;9577
91560;24,04;9570
91620;24,05;9586
91680;24,05;9580
91740;24,06;9590
91800;24,06;9599
91860;24,06;9608
91920;24,07;9621
91980;24,07;9620
92040;24,07;9632
92100;24,07;9607
92160;24,07;9597
92220;24,09;9660
92280;24,08;9631
92340;24,07;9580
92400;24,07;9601
92460;24,07;9589
92520;24,07;9587
92580;24,07;9602
92640;24,07;9591
92700;24,08;9606
92760;24,08;9603
92820;24,08;9609
92880;24,09;9617
92940;24,09;9625
93000;24,09;9638
93060;24,09;9639
93120;24,09;9631
93180;24,09;9627
93240;24,09;9620
93300;24,10;9620
93360;24,10;9625
93420;24,10;9611
93480;24,10;9615
93540;24,11;9639
93600;24,11;9614
93660;24,10;9582
93720;24,10;9593
93780;24,11;9599
93840;24,11;9607
93900;24,11;9599
93960;24,12;9626
94020;24,12;9636
94080;24,12;9648
94140;24,15;9741
94200;24,15;9729
94260;24,15;9730
94320;24,15;9709
94380;24,15;9729
94440;24,15;9719
94500;24,14;9677
94560;24,14;9673
94620;24,14;9675
94680;24,13;9664
94740;24,13;9653
94800;24,13;9647
94860;24,13;9647
94920;24,13;9656
94980;24,13;9659
95040;24,13;9651
95100;24,13;9652
95160;24,14;9668
95220;24,14;9690
95280;24,14;9674
95340;24,14;9653
95400;24,14;9649
95460;24,14;9653
95520;24,15;9647
95580;24,16;9677
95640;24,15;9644
95700;24,15;9631
95760;24,15;9623
95820;24,15;9624
95880;24,15;9610
95940;24,15;9605
96000;24,16;9628
96060;24,16;9643
96120;24,17;9650
96180;24,17;9653
96240;24,17;9665
96300;24,17;9664
96360;24,17;9653
96420;24,17;9653
96480;24,17;9645
96540;24,17;9640
96600;24,17;9636
96660;24,17;9635
96720;24,17;9627
96780;24,17;9627
96840;24,18;9649
96900;24,18;9649
96960;24,18;9644
97020;24,19;9671
97080;24,13;9458
97140;24,13;9440
97200;24,14;9488
97260;24,15;9520
97320;24,15;9514
97380;24,16;9535
97440;24,17;9579
97500;24,17;9586
97560;24,17;9560
97620;24,17;9567
97680;24,18;9591
97740;24,18;9593
97800;24,18;9580
97860;24,18;9579
97920;24,19;9604
97980;24,19;9613
98040;24,19;9618
98100;24,19;9607
98160;24,19;9625
98220;24,20;9626
98280;24,21;9654
98340;24,20;9639
98400;24,21;9657
98460;24,20;9634
98520;24,20;9633
98580;24,20;9646
98640;24,20;9646
98700;24,20;9620
98760;24,20;9628
98820;24,20;9630
98880;24,20;9626
98940;24,20;9605
99000;24,20;9611
99060;24,21;9628
99120;24,21;9636
99180;24,21;9634
99240;24,21;9615
99300;24,21;9639
99360;24,21;9645
99420;24,22;9643
99480;24,22;9649
99540;24,21;9630
99600;24,22;9637
99660;24,22;9641
99720;24,21;9599
99780;24,22;9629
99840;24,22;9635
99900;24,22;9638
99960;24,22;9625
100020;24,23;9644
100080;24,23;9629
100140;24,23;9633
100200;24,23;9622
100260;24,23;9628
100320;24,23;9639
100380;24,23;9631
100440;24,22;9610
100500;24,23;9621
100560;24,24;9640
100620;24,23;9627
100680;24,24;9629
100740;24,24;9627
100800;24,23;9611
100860;24,23;9606
100920;24,23;9603
100980;24,23;9597
101040;24,23;9606
101100;24,23;9588
101160;24,23;9586
101220;24,23;9599
101280;24,24;9600
101340;24,25;9620
101400;24,24;9610
101460;24,24;9611
101520;24,25;9631
101580;24,25;9639
101640;24,25;9628
101700;24,25;9604
101760;24,25;9618
101820;24,25;9631
101880;24,25;9606
101940;24,25;9610
102000;24,26;9633
102060;24,25;9615
102120;24,25;9601
102180;24,26;9625
102240;24,26;9620
102300;24,26;9609
102360;24,26;9625
102420;24,26;9609
102480;24,26;9606
102540;24,26;9620
102600;24,26;9603
102660;24,26;9613
102720;24,27;9613
102780;24,27;9612
102840;24,26;9584
102900;24,27;9608
102960;24,27;9619
103020;24,27;9604
103080;24,27;9595
103140;24,27;9589
103200;24,27;9592
103260;24,27;9593
103320;24,27;9590
103380;24,27;9610
103440;24,28;9621
103500;24,28;9619
103560;24,29;9642
103620;24,29;9636
103680;24,28;9619
103740;24,29;9623
103800;24,29;9637
103860;24,29;9639
103920;24,29;9633
103980;24,29;9634
104040;24,29;9635
104100;24,30;9663
104160;24,32;9736
104220;24,32;9711
104280;24,31;9685
104340;24,33;9736
104400;24,30;9620
104460;24,29;9579
104520;24,30;9621
104580;24,30;9614
104640;24,30;9618
104700;24,30;9617
104760;24,29;9601
104820;24,30;9611
104880;24,30;9620
104940;24,30;9606
105000;24,30;9607
105060;24,30;9607
105120;24,30;9606
105180;24,30;9604
105240;24,31;9628
105300;24,31;9609
105360;24,31;9607
105420;24,32;9624
105480;24,32;9602
105540;24,32;9609
105600;24,33;9630
105660;24,32;9600
105720;24,33;9614
105780;24,33;9634
105840;24,33;9622
105900;24,33;9627
105960;24,32;9632
106020;24,31;9636
106080;24,31;9622
106140;24,31;9613
106200;24,32;9629
106260;24,32;9623
106320;24,32;9619
106380;24,32;9616
106440;24,32;9601
106500;24,33;9618
106560;24,33;9638
106620;24,33;9607
106680;24,33;9629
106740;24,34;9617
106800;24,34;9621
106860;24,34;9611
106920;24,34;9615
106980;24,35;9642
107040;24,35;9657
107100;24,35;9633
107160;24,36;9630
107220;24,36;9640
107280;24,35;9654
107340;24,36;9652
107400;24,35;9641
107460;24,36;9657
107520;24,36;9646
107580;24,36;9630
107640;24,36;9635
107700;24,36;9626
107760;24,36;9650
107820;24,36;9637
107880;24,36;9630
107940;24,37;9653
108000;24,36;9624
108060;24,36;9615
108120;24,36;9610
108180;24,37;9644
108240;24,38;9680
108300;24,38;9670
108360;24,37;9649
108420;24,38;9660
108480;24,38;9665
108540;24,38;9639
108600;24,38;9643
108660;24,38;9650
108720;24,37;9636
108780;24,37;9645
108840;24,38;9653
108900;24,38;9645
108960;24,38;9651
109020;24,39;9653
109080;24,39;9656
109140;24,39;9657
109200;24,38;9635
109260;24,38;9626
109320;24,38;9624
109380;24,38;9635
109440;24,39;9640
109500;24,38;9632
109560;24,38;9612
109620;24,39;9632
109680;24,39;9622
109740;24,39;9639
109800;24,39;9632
109860;24,39;9635
109920;24,40;9643
109980;24,40;9637
110040;24,40;9653
110100;24,40;9646
110160;24,40;9641
110220;24,41;9651
110280;24,40;9653
110340;24,40;9644
110400;24,40;9631
110460;24,40;9623
110520;24,40;9622
110580;24,40;9631
110640;24,40;9612
110700;24,41;9624
110760;24,42;9659
110820;24,42;9660
110880;24,41;9648
110940;24,41;9635
111000;24,41;9631
111060;24,41;9608
111120;24,41;9623
111180;24,42;9645
111240;24,42;9636
111300;24,42;9639
111360;24,41;9616
111420;24,42;9637
111480;24,43;9658
111540;24,43;9663
111600;24,43;9664
111660;24,43;9670
111720;24,44;9680
111780;24,43;9670
111840;24,43;9666
111900;24,44;9672
111960;24,44;9689
112020;24,45;9707
112080;24,44;9678
112140;24,43;9637
112200;24,43;9617
112260;24,42;9568
112320;24,42;9593
112380;24,42;9588
112440;24,43;9614
112500;24,43;9607
112560;24,44;9604
112620;24,44;9606
112680;24,44;9607
112740;24,43;9592
112800;24,43;9595
112860;24,43;9578
112920;24,43;9586
112980;24,43;9595
113040;24,43;9599
113100;24,43;9597
113160;24,43;9581
113220;24,44;9604
113280;24,42;9548
113340;24,40;9460
113400;24,41;9510
113460;24,42;9500
113520;24,42;9512
113580;24,43;9546
113640;24,43;9530
113700;24,43;9552
113760;24,43;9556
113820;24,44;9572
113880;24,44;9594
113940;24,44;9592
114000;24,44;9590
114060;24,45;9610
114120;24,45;9618
114180;24,44;9577
114240;24,49;9759
114300;24,51;9831
114360;24,50;9777
114420;24,49;9759
114480;24,49;9724
114540;24,49;9723
114600;24,49;9729
114660;24,49;9713
114720;24,48;9701
114780;24,48;9688
114840;24,48;9682
114900;24,47;9667
114960;24,47;9658
115020;24,49;9662
115080;24,49;9685
115140;24,49;9686
115200;24,49;9672
115260;24,49;9699
115320;24,49;9695
115380;24,49;9699
115440;24,49;9677
115500;24,48;9654
115560;24,48;9646
115620;24,48;9623
115680;24,47;9620
115740;24,48;9626
115800;24,48;9626
115860;24,48;9599
115920;24,47;9589
115980;24,48;9601
116040;24,48;9602
116100;24,48;9605
116160;24,48;9609
116220;24,49;9631
116280;24,49;9616
116340;24,49;9610
116400;24,49;9613
116460;24,49;9609
116520;24,49;9616
116580;24,49;9612
116640;24,49;9609
116700;24,50;9623
116760;24,50;9631
116820;24,50;9626
116880;24,50;9598
116940;24,50;9611
117000;24,50;9631
117060;24,50;9632
117120;24,51;9641
117180;24,51;9641
117240;24,51;9640
117300;24,51;9644
117360;24,51;9649
117420;24,51;9657
117480;24,51;9650
117540;24,51;9649
117600;24,51;9653
117660;24,51;9645
117720;24,52;9656
117780;24,51;9639
117840;24,51;9648
117900;24,52;9646
117960;24,51;9644
118020;24,51;9634
118080;24,51;9616
118140;24,51;9623
118200;24,52;9638
118260;24,52;9630
118320;24,52;9629
118380;24,53;9648
118440;24,53;9647
118500;24,53;9648
118560;24,53;9652
118620;24,53;9654
118680;24,53;9646
118740;24,53;9643
118800;24,54;9652
118860;24,53;9648
118920;24,53;9639
118980;24,53;9633
119040;24,53;9642
119100;24,53;9644
119160;24,53;9630
119220;24,54;9635
119280;24,54;9645
119340;24,54;9664
119400;24,54;9635
119460;24,54;9641
119520;24,54;9636
119580;24,54;9640
119640;24,54;9642
119700;24,54;9637
119760;24,55;9641
119820;24,54;9642
119880;24,55;9633
119940;24,55;9641
120000;24,55;9639
120060;24,55;9629
120120;24,55;9650
120180;24,52;9540
120240;24,49;9425
120300;24,51;9486
120360;24,52;9504
120420;24,52;9519
120480;24,53;9537
120540;24,53;9549
120600;24,54;9558
120660;24,54;9572
120720;24,55;9593
120780;24,54;9583
120840;24,54;9581
120900;24,55;9586
120960;24,55;9594
121020;24,55;9583
121080;24,55;9577
121140;24,55;9595
121200;24,55;9600
121260;24,55;9600
121320;24,56;9611
121380;24,56;9617
121440;24,56;9619
121500;24,57;9631
121560;24,57;9639
121620;24,56;9624
121680;24,56;9608
121740;24,56;9620
121800;24,56;9627
121860;24,57;9624
121920;24,57;9630
121980;24,57;9637
122040;24,56;9619
122100;24,56;9611
122160;24,56;9599
122220;24,57;9613
122280;24,57;9611
122340;24,57;9620
122400;24,57;9614
122460;24,57;9617
122520;24,56;9573
122580;24,56;9582
122640;24,57;9609
122700;24,57;9603
122760;24,57;9607
122820;24,57;9609
122880;24,57;9594
122940;24,57;9596
123000;24,58;9605
123060;24,58;9611
123120;24,58;9611
123180;24,57;9598
123240;24,58;9601
123300;24,58;9620
123360;24,59;9634
123420;24,59;9626
123480;24,59;9624
123540;24,58;9601
123600;24,61;9734
123660;24,61;9707
123720;24,61;9704
123780;24,61;9693
123840;24,60;9673
123900;24,60;9650
123960;24,60;9662
124020;24,60;9667
124080;24,58;9575
124140;24,57;9537
124200;24,62;9698
124260;24,63;9751
124320;24,61;9693
124380;24,61;9687
124440;24,61;9685
124500;24,62;9698
124560;24,62;9713
124620;24,62;9709
124680;24,62;9690
124740;24,62;9683
124800;24,61;9668
124860;24,61;9658
124920;24,62;9666
124980;24,62;9675
125040;24,62;9659
125100;24,62;9656
125160;24,62;9660
125220;24,62;9649
125280;24,62;9629
125340;24,62;9635
125400;24,62;9655
125460;24,63;9668
125520;24,63;9659
125580;24,62;9639
125640;24,62;9632
125700;24,63;9654
125760;24,63;9653
125820;24,63;9641
125880;24,63;9649
125940;24,63;9638
126000;24,63;9638
126060;24,63;9643
126120;24,63;9639
126180;24,63;9640
126240;24,63;9634
126300;24,63;9620
126360;24,63;9623
126420;24,63;9624
126480;24,63;9617
126540;24,64;9644
126600;24,64;9631
126660;24,64;9638
126720;24,64;9654
126780;24,64;9642
126840;24,64;9642
126900;24,64;9635
126960;24,64;9618
127020;24,64;9624
127080;24,64;9633
127140;24,64;9625
127200;24,64;9623
127260;24,64;9624
127320;24,64;9600
127380;24,64;9596
127440;24,65;9628
127500;24,65;9629
127560;24,65;9640
127620;24,65;9635
127680;24,65;9636
127740;24,65;9636
127800;24,65;9614
127860;24,65;9616
127920;24,66;9641
127980;24,65;9624
128040;24,65;9620
128100;24,66;9631
128160;24,66;9647
128220;24,66;9648
128280;24,66;9634
128340;24,66;9621
128400;24,66;9627
128460;24,66;9632
128520;24,66;9620
128580;24,66;9612
128640;24,66;9626
128700;24,67;9644
128760;24,67;9635
128820;24,66;9621
128880;24,66;9624
128940;24,67;9623
129000;24,67;9621
129060;24,67;9637
129120;24,67;9626
129180;24,67;9628
129240;24,67;9632
129300;24,67;9623
129360;24,67;9614
129420;24,67;9601
129480;24,67;9604
129540;24,67;9598
129600;24,67;9617
129660;24,68;9632
129720;24,68;9641
129780;24,68;9632
129840;24,68;9621
129900;24,68;9636
129960;24,68;9642
130020;24,68;9625
130080;24,68;9629
130140;24,68;9639
130200;24,68;9636
130260;24,69;9639
130320;24,68;9625
130380;24,69;9631
130440;24,68;9598
130500;24,69;9625
130560;24,69;9629
130620;24,69;9633
130680;24,69;9625
130740;24,69;9620
130800;24,69;9623
130860;24,69;9626
130920;24,69;9641
130980;24,69;9641
131040;24,69;9613
131100;24,69;9603
131160;24,70;9642
131220;24,70;9642
131280;24,70;9639
131340;24,70;9644
131400;24,70;9634
131460;24,70;9624
131520;24,70;9613
131580;24,70;9621
131640;24,70;9627
131700;24,70;9624
131760;24,70;9627
131820;24,70;9630
131880;24,70;9617
131940;24,70;9627
132000;24,70;9624
132060;24,71;9620
132120;24,71;9634
132180;24,71;9647
132240;24,71;9622
132300;24,71;9632
132360;24,71;9649
132420;24,71;9639
132480;24,71;9613
132540;24,71;9621
132600;24,71;9617
132660;24,71;9614
132720;24,71;9615
132780;24,72;9634
132840;24,72;9658
132900;24,72;9644
132960;24,72;9641
133020;24,72;9645
133080;24,72;9637
133140;24,72;9632
133200;24,72;9627
133260;24,71;9606
133320;24,71;9606
133380;24,72;9612
133440;24,72;9603
133500;24,72;9614
133560;24,72;9606
133620;24,72;9610
133680;24,72;9600
133740;24,72;9593
133800;24,72;9613
133860;24,73;9627
133920;24,73;9651
133980;24,73;9636
134040;24,73;9623
134100;24,74;9650
134160;24,74;9656
134220;24,74;9647
134280;24,74;9658
134340;24,74;9654
134400;24,74;9644
134460;24,74;9654
134520;24,74;9646
134580;24,74;9638
134640;24,74;9640
134700;24,74;9621
134760;24,74;9620
134820;24,74;9632
134880;24,74;9636
134940;24,74;9620
135000;24,74;9620
135060;24,74;9630
135120;24,75;9638
135180;24,74;9614
135240;24,74;9610
135300;24,75;9627
135360;24,75;9635
135420;24,75;9622
135480;24,75;9638
135540;24,75;9648
135600;24,75;9627
135660;24,75;9624
135720;24,75;9624
135780;24,75;9626
135840;24,76;9638
135900;24,76;9631
135960;24,76;9636
136020;24,77;9656
136080;24,77;9662
136140;24,76;9662
136200;24,77;9655
136260;24,77;9660
136320;24,76;9655
136380;24,76;9642
136440;24,76;9617
136500;24,74;9565
136560;24,75;9576
136620;24,75;9581
136680;24,75;9580
136740;24,76;9594
136800;24,75;9568
136860;24,74;9544
136920;24,75;9550
136980;24,75;9560
137040;24,76;9585
137100;24,76;9600
137160;24,76;9601
137220;24,76;9608
137280;24,77;9608
137340;24,78;9620
137400;24,78;9617
137460;24,77;9608
137520;24,78;9609
137580;24,78;9617
137640;24,78;9609
137700;24,77;9591
137760;24,78;9629
137820;24,78;9635
137880;24,78;9627
137940;24,77;9602
138000;24,78;9626
138060;24,78;9639
138120;24,79;9641
138180;24,79;9654
138240;24,79;9646
138300;24,79;9653
138360;24,79;9651
138420;24,79;9649
138480;24,80;9656
138540;24,79;9654
138600;24,79;9662
138660;24,78;9642
138720;24,78;9632
138780;24,79;9639
138840;24,79;9632
138900;24,79;9640
138960;24,78;9603
139020;24,78;9599
139080;24,79;9652
139140;24,80;9642
139200;24,79;9625
139260;24,80;9648
139320;24,80;9640
139380;24,79;9614
139440;24,80;9627
139500;24,80;9639
139560;24,80;9634
139620;24,81;9646
139680;24,80;9636
139740;24,81;9645
139800;24,81;9657
139860;24,80;9632
139920;24,81;9636
139980;24,81;9647
140040;24,81;9637
140100;24,81;9648
140160;24,81;9651
140220;24,81;9644
140280;24,81;9652
140340;24,81;9627
140400;24,81;9642
140460;24,81;9614
140520;24,81;9627
140580;24,81;9635
140640;24,81;9630
140700;24,81;9605
140760;24,81;9622
140820;24,81;9625
140880;24,81;9620
140940;24,81;9614
141000;24,81;9593
141060;24,81;9592
141120;24,81;9605
141180;24,82;9612
141240;24,82;9608
141300;24,82;9612
141360;24,82;9626
141420;24,82;9620
141480;24,82;9622
141540;24,83;9627
141600;24,82;9616
141660;24,82;9609
141720;24,83;9625
141780;24,82;9612
141840;24,83;9639
141900;24,81;9623
141960;24,81;9600
142020;24,81;9609
142080;24,81;9593
142140;24,82;9612
142200;24,82;9607
142260;24,83;9626
142320;24,83;9624
142380;24,83;9628
142440;24,83;9632
142500;24,83;9616
142560;24,83;9607
142620;24,83;9613
142680;24,84;9632
142740;24,84;9636
142800;24,84;9614
142860;24,84;9623
142920;24,84;9641
142980;24,84;9612
143040;24,84;9603
143100;24,84;9622
143160;24,84;9623
143220;24,84;9606
143280;24,85;9633
143340;24,85;9633
143400;24,85;9634
143460;24,85;9646
143520;24,85;9642
143580;24,85;9616
143640;24,85;9632
143700;24,85;9635
143760;24,85;9617
143820;24,85;9629
143880;24,85;9627
143940;24,86;9636
144000;24,86;9625
144060;24,86;9615
144120;24,86;9624
144180;24,86;9615
144240;24,86;9632
144300;24,86;9633
144360;24,86;9635
144420;24,87;9654
144480;24,87;9649
144540;24,87;9649
144600;24,87;9661
144660;24,87;9651
144720;24,86;9632
144780;24,86;9630
144840;24,86;9630
144900;24,87;9647
144960;24,87;9642
145020;24,87;9631
145080;24,86;9618
145140;24,86;9608
145200;24,87;9625
145260;24,87;9619
145320;24,87;9615
145380;24,87;9633
145440;24,87;9624
145500;24,87;9616
145560;24,87;9637
145620;24,87;9636
145680;24,87;9620
145740;24,88;9640
145800;24,88;9654
145860;24,88;9637
145920;24,89;9661
145980;24,88;9629
146040;24,87;9615
146100;24,88;9637
146160;24,88;9615
146220;24,88;9638
146280;24,88;9619
146340;24,88;9629
146400;24,88;9634
146460;24,89;9650
146520;24,89;9639
146580;24,88;9623
146640;24,89;9639
146700;24,89;9633
146760;24,89;9628
146820;24,89;9640
146880;24,89;9643
146940;24,89;9629
147000;24,89;9635
147060;24,89;9640
147120;24,88;9601
147180;24,89;9613
147240;24,89;9617
147300;24,89;9604
147360;24,89;9609
147420;24,89;9616
147480;24,89;9622
147540;24,89;9619
147600;24,89;9622
147660;24,90;9623
147720;24,89;9601
147780;24,89;9581
147840;24,89;9600
147900;24,90;9630
147960;24,90;9620
148020;24,90;9624
148080;24,91;9644
148140;24,91;9648
148200;24,91;9647
148260;24,91;9636
148320;24,90;9620
148380;24,90;9622
148440;24,91;9633
148500;24,91;9642
148560;24,91;9642
148620;24,91;9627
148680;24,91;9632
148740;24,91;9648
148800;24,90;9599
148860;24,91;9644
148920;24,90;9605
148980;24,91;9621
149040;24,91;9623
149100;24,91;9633
149160;24,91;9637
149220;24,91;9615
149280;24,91;9597
149340;24,91;9618
149400;24,91;9599
149460;24,91;9595
149520;24,92;9631
149580;24,91;9613
149640;24,95;9747
149700;24,98;9872
149760;24,96;9805
149820;24,96;9795
149880;24,96;9783
149940;24,95;9751
150000;24,95;9717
150060;24,95;9721
150120;24,95;9714
150180;24,94;9694
150240;24,94;9697
150300;24,93;9658
150360;24,94;9672
150420;24,94;9664
150480;24,94;9662
150540;24,93;9633
150600;24,93;9624
150660;24,93;9641
150720;24,93;9615
150780;24,93;9637
150840;24,93;9617
150900;24,93;9611
150960;24,93;9617
151020;24,93;9610
151080;24,94;9619
151140;24,94;9609
151200;24,94;9626
151260;24,95;9658
151320;24,95;9633
151380;24,94;9610
151440;24,94;9617
151500;24,94;9620
151560;24,95;9629
151620;24,96;9677
151680;24,96;9650
151740;24,95;9650
151800;24,95;9652
151860;24,95;9644
151920;24,96;9664
151980;24,96;9654
152040;24,95;9633
152100;24,95;9645
152160;24,95;9645
152220;24,95;9633
152280;24,96;9653
152340;24,96;9647
152400;24,95;9632
152460;24,95;9625
152520;24,96;9634
152580;24,95;9624
152640;24,95;9607
152700;24,96;9651
152760;24,95;9625
152820;24,95;9597
152880;24,95;9611
152940;24,95;9615
153000;24,95;9616
153060;24,96;9615
153120;24,96;9608
153180;24,96;9638
153240;24,96;9617
153300;24,97;9649
153360;24,96;9624
153420;24,96;9615
153480;24,96;9595
153540;24,97;9627
153600;24,96;9608
153660;24,96;9596
153720;24,97;9618
153780;24,97;9631
153840;24,96;9616
153900;24,96;9613
153960;24,97;9620
154020;24,97;9609
154080;24,97;9623
154140;24,97;9628
154200;24,97;9626
154260;24,97;9634
154320;24,98;9651
154380;24,98;9648
154440;24,98;9642
154500;24,97;9605
154560;24,97;9636
154620;24,98;9631
154680;24,98;9647
154740;24,98;9627
154800;24,98;9634
154860;24,98;9650
154920;24,98;9646
154980;24,98;9640
155040;24,97;9607
155100;24,98;9614
155160;24,98;9628
155220;24,98;9623
155280;24,98;9613
155340;24,98;9630
155400;24,99;9651
155460;24,98;9627
155520;24,98;9620
155580;24,98;9620
155640;24,98;9618
155700;24,99;9626
155760;24,99;9660
155820;24,99;9626
155880;24,99;9634
155940;24,99;9633
156000;24,98;9604
156060;24,98;9589
156120;24,98;9604
156180;24,99;9612
156240;24,99;9605
156300;24,98;9597
156360;24,99;9613
156420;24,99;9601
156480;24,98;9594
156540;24,98;9577
156600;24,98;9582
156660;24,99;9595
156720;24,99;9589
156780;24,99;9610
156840;24,99;9626
156900;25,00;9620
156960;25,00;9631
157020;25,00;9643
157080;25,00;9638
157140;25,00;9638
157200;25,00;9627
157260;25,01;9658
157320;25,01;9664
157380;25,01;9649
157440;25,00;9629
157500;25,01;9638
157560;25,01;9640
157620;25,01;9645
157680;25,00;9639
157740;25,01;9638
157800;25,01;9653
157860;25,01;9635
157920;25,00;9628
157980;25,01;9626
158040;25,01;9635
158100;25,01;9637
158160;25,01;9624
158220;25,01;9624
158280;25,01;9618
158340;25,01;9619
158400;25,01;9617
158460;25,01;9624
158520;25,01;9630
158580;25,01;9613
158640;25,01;9625
158700;25,02;9641
158760;25,02;9647
158820;25,02;9654
158880;25,02;9639
158940;25,01;9605
159000;25,01;9607
159060;25,02;9621
159120;25,01;9612
159180;25,01;9585
159240;25,01;9595
159300;25,01;9596
159360;25,01;9593
159420;25,02;9614
159480;25,02;9612
159540;25,02;9609
159600;25,02;9628
159660;25,02;9620
159720;25,02;9617
159780;25,03;9652
159840;25,03;9661
159900;25,03;9641
159960;25,04;9664
160020;25,03;9639
160080;25,03;9642
160140;25,03;9621
160200;25,03;9642
160260;25,04;9693
160320;25,04;9656
160380;25,03;9630
160440;25,04;9650
160500;25,03;9638
160560;25,03;9607
160620;25,03;9606
160680;25,04;9639
160740;25,04;9646
160800;25,04;9644
160860;25,04;9647
160920;25,04;9639
160980;25,04;9656
161040;25,04;9648
161100;25,04;9617
161160;25,04;9634
161220;25,04;9629
161280;25,04;9626
161340;25,04;9616
161400;25,04;9600
161460;25,04;9599
161520;25,04;9599
161580;25,05;9631
161640;25,04;9602
161700;25,04;9612
161760;25,05;9635
161820;25,04;9621
161880;25,05;9636
161940;25,05;9622
162000;25,04;9607
162060;25,05;9641
162120;25,05;9641
162180;25,05;9636
162240;25,06;9661
162300;25,06;9659
162360;25,05;9620
162420;25,05;9617
162480;25,05;9636
162540;25,05;9627
162600;25,06;9634
162660;25,05;9611
162720;25,05;9607
162780;25,06;9636
162840;25,06;9613
162900;25,05;9610
162960;25,06;9636
163020;25,07;9648
163080;25,06;9637
163140;25,07;9647
163200;25,07;9642
163260;25,08;9696
163320;25,09;9712
163380;25,08;9692
163440;25,08;9680
163500;25,08;9671
163560;25,08;9665
163620;25,07;9648
163680;25,07;9629
163740;25,08;9651
163800;25,08;9658
163860;25,07;9632
163920;25,07;9637
163980;25,08;9641
164040;25,08;9644
164100;25,08;9645
164160;25,08;9641
164220;25,07;9625
164280;25,08;9639
164340;25,07;9633
164400;25,08;9635
164460;25,08;9627
164520;25,08;9628
164580;25,08;9636
164640;25,08;9630
164700;25,08;9634
164760;25,08;9628
164820;25,08;9627
164880;25,08;9601
164940;25,07;9556
165000;25,07;9561
165060;25,07;9585
165120;25,07;9582
165180;25,08;9595
165240;25,08;9608
165300;25,08;9597
165360;25,08;9603
165420;25,08;9607
165480;25,08;9599
165540;25,08;9603
165600;25,09;9598
165660;25,09;9629
165720;25,09;9627
165780;25,09;9628
165840;25,09;9623
165900;25,09;9643
165960;25,09;9621
166020;25,09;9597
166080;25,10;9638
166140;25,10;9644
166200;25,09;9609
166260;25,09;9605
166320;25,10;9626
166380;25,09;9632
166440;25,10;9642
166500;25,09;9617
166560;25,09;9610
166620;25,10;9632
166680;25,09;9618
166740;25,10;9627
166800;25,10;9632
166860;25,10;9643
166920;25,10;9640
166980;25,11;9652
167040;25,10;9646
167100;25,10;9618
167160;25,10;9628
167220;25,10;9626
167280;25,10;9625
167340;25,10;9602
167400;25,11;9648
167460;25,11;9653
167520;25,11;9660
167580;25,11;9663
167640;25,11;9653
167700;25,11;9663
167760;25,11;9650
167820;25,11;9640
167880;25,12;9655
167940;25,12;9657
168000;25,12;9650
168060;25,11;9637
168120;25,11;9625
168180;25,11;9631
168240;25,12;9643
168300;25,12;9652
168360;25,12;9628
168420;25,12;9653
168480;25,13;9668
168540;25,08;9466
168600;25,08;9475
168660;25,09;9510
168720;25,10;9550
168780;25,10;9543
168840;25,10;9550
168900;25,10;9559
168960;25,11;9571
169020;25,10;9565
169080;25,10;9558
169140;25,11;9586
169200;25,12;9604
169260;25,12;9601
169320;25,12;9577
169380;25,13;9580
169440;25,14;9602
169500;25,14;9591
169560;25,13;9589
169620;25,13;9597
169680;25,14;9623
169740;25,13;9613
169800;25,13;9617
169860;25,13;9611
169920;25,13;9622
169980;25,12;9584
170040;25,13;9612
170100;25,13;9623
170160;25,13;9643
170220;25,13;9630
170280;25,13;9613
170340;25,13;9621
170400;25,13;9600
170460;25,13;9609
170520;25,13;9620
170580;25,13;9616
170640;25,13;9625
170700;25,13;9641
170760;25,14;9652
170820;25,14;9648
170880;25,13;9630
170940;25,13;9632
171000;25,14;9645
171060;25,14;9617
171120;25,14;9616
171180;25,14;9615
171240;25,15;9642
171300;25,14;9644
171360;25,15;9636
171420;25,14;9621
171480;25,14;9624
171540;25,15;9641
171600;25,14;9611
171660;25,15;9636
171720;25,15;9646
171780;25,15;9639
171840;25,15;9645
171900;25,15;9632
171960;25,15;9629
172020;25,15;9642
172080;25,15;9638
172140;25,15;9624
172200;25,15;9639
172260;25,15;9649
172320;25,15;9628
172380;25,15;9626
172440;25,15;9621
172500;25,15;9643
172560;25,15;9624
172620;25,15;9615
172680;25,16;9634
172740;25,15;9630
172800;25,16;9633
172860;25,16;9633
172920;25,15;9620
172980;25,15;9608
173040;25,16;9627
173100;25,16;9632
173160;25,16;9615
173220;25,16;9623
173280;25,16;9622
173340;25,15;9600
173400;25,16;9598
173460;25,16;9621
173520;25,16;9614
173580;25,16;9618
173640;25,16;9626
173700;25,16;9601
173760;25,16;9609
173820;25,16;9606
173880;25,16;9621
173940;25,17;9631
174000;25,17;9628
174060;25,17;9643
174120;25,17;9633
174180;25,17;9612
174240;25,17;9637
174300;25,17;9619
174360;25,17;9616
174420;25,16;9608
174480;25,17;9624
174540;25,17;9613
174600;25,17;9598
174660;25,17;9622
174720;25,17;9630
174780;25,17;9620
174840;25,17;9623
174900;25,17;9624
174960;25,17;9623
175020;25,17;9613
175080;25,17;9609
175140;25,17;9614
175200;25,18;9613
175260;25,18;9633
175320;25,18;9623
175380;25,18;9622
175440;25,17;9614
175500;25,17;9603
175560;25,17;9601
175620;25,17;9603
175680;25,18;9611
175740;25,18;9614
175800;25,19;9617
175860;25,19;9622
175920;25,19;9633
175980;25,19;9616
176040;25,19;9635
176100;25,19;9636
176160;25,19;9614
176220;25,19;9627
176280;25,19;9629
176340;25,19;9624
176400;25,20;9633
176460;25,19;9609
176520;25,19;9598
176580;25,20;9629
176640;25,20;9640
176700;25,20;9652
176760;25,20;9640
176820;25,20;9632
176880;25,20;9634
176940;25,20;9638
177000;25,20;9623
177060;25,20;9620
177120;25,20;9620
177180;25,20;9611
177240;25,20;9619
177300;25,20;9631
177360;25,20;9602
177420;25,20;9611
177480;25,20;9617
177540;25,20;9593
177600;25,20;9611
177660;25,20;9641
177720;25,20;9638
177780;25,20;9633
177840;25,20;9633
177900;25,20;9639
177960;25,20;9642
178020;25,20;9626
178080;25,20;9613
178140;25,20;9607
178200;25,20;9595
178260;25,20;9605
178320;25,21;9626
178380;25,20;9614
178440;25,20;9593
178500;25,21;9614
178560;25,21;9622
178620;25,21;9613
178680;25,21;9613
178740;25,21;9618
178800;25,22;9638
178860;25,22;9610
178920;25,22;9596
178980;25,23;9618
179040;25,23;9626
179100;25,23;9610
179160;25,22;9597
179220;25,23;9612
179280;25,23;9620
179340;25,23;9613
179400;25,23;9609
179460;25,22;9593
179520;25,23;9615
179580;25,23;9605
179640;25,23;9609
179700;25,23;9606
179760;25,23;9624
179820;25,23;9624
179880;25,23;9614
179940;25,23;9621
180000;25,23;9613
180060;25,23;9622
180120;25,23;9595
180180;25,23;9592
180240;25,23;9614
180300;25,23;9587
180360;25,23;9596
180420;25,23;9590
180480;25,22;9563
180540;25,23;9589
180600;25,24;9605
180660;25,24;9609
180720;25,24;9626
180780;25,24;9615
180840;25,24;9607
180900;25,25;9629
180960;25,25;9637
181020;25,25;9639
181080;25,26;9673
181140;25,25;9619
181200;25,25;9612
181260;25,25;9629
181320;25,25;9623
181380;25,25;9623
181440;25,25;9627
181500;25,25;9621
181560;25,25;9622
181620;25,25;9605
181680;25,25;9633
181740;25,26;9635
181800;25,26;9637
181860;25,26;9646
181920;25,25;9632
181980;25,25;9621
182040;25,26;9615
182100;25,25;9601
182160;25,26;9612
182220;25,28;9683
182280;25,29;9725
182340;25,30;9778
182400;25,29;9737
182460;25,29;9734
182520;25,29;9710
182580;25,29;9700
182640;25,29;9698
182700;25,29;9688
182760;25,28;9676
182820;25,28;9668
182880;25,29;9680
182940;25,31;9783
183000;25,27;9620
183060;25,25;9548
183120;25,26;9584
183180;25,26;9567
183240;25,26;9573
183300;25,26;9582
183360;25,26;9573
183420;25,26;9573
183480;25,26;9583
183540;25,27;9587
183600;25,27;9601
183660;25,27;9605
183720;25,27;9589
183780;25,28;9606
183840;25,28;9606
183900;25,28;9614
183960;25,28;9615
184020;25,28;9603
184080;25,29;9626
184140;25,28;9599
184200;25,29;9599
184260;25,29;9607
184320;25,29;9609
184380;25,29;9596
184440;25,28;9577
184500;25,29;9582
184560;25,29;9607
184620;25,30;9630
184680;25,30;9636
184740;25,30;9640
184800;25,30;9631
184860;25,30;9615
184920;25,30;9620
184980;25,29;9615
185040;25,30;9619
185100;25,30;9631
185160;25,30;9615
185220;25,30;9609
185280;25,30;9608
185340;25,29;9584
185400;25,30;9621
185460;25,29;9585
185520;25,30;9602
185580;25,30;9626
185640;25,30;9611
185700;25,30;9604
185760;25,30;9591
185820;25,30;9594
185880;25,31;9634
185940;25,31;9657
186000;25,31;9631
186060;25,31;9629
186120;25,31;9637
186180;25,31;9626
186240;25,31;9625
186300;25,31;9617
186360;25,31;9608
186420;25,30;9598
186480;25,31;9608
186540;25,31;9621
186600;25,31;9628
186660;25,31;9624
186720;25,31;9609
186780;25,32;9627
186840;25,32;9638
186900;25,31;9616
186960;25,32;9631
187020;25,32;9609
187080;25,32;9628
187140;25,32;9617
187200;25,31;9594
187260;25,31;9590
187320;25,31;9581
187380;25,31;9566
187440;25,30;9548
187500;25,31;9562
187560;25,32;9584
187620;25,32;9588
187680;25,32;9625
187740;25,33;9639
187800;25,33;9622
187860;25,33;9654
187920;25,33;9636
187980;25,33;9626
188040;25,33;9618
188100;25,33;9619
188160;25,33;9607
188220;25,33;9617
188280;25,33;9626
188340;25,33;9594
188400;25,34;9628
188460;25,34;9635
188520;25,33;9611
188580;25,34;9634
188640;25,34;9620
188700;25,33;9623
188760;25,33;9619
188820;25,34;9631
188880;25,34;9644
188940;25,34;9622
189000;25,34;9619
189060;25,34;9630
189120;25,34;9621
189180;25,34;9597
189240;25,33;9582
189300;25,34;9619
189360;25,37;9728
189420;25,39;9806
189480;25,38;9771
189540;25,40;9862
189600;25,39;9809
189660;25,39;9812
189720;25,38;9778
189780;25,38;9747
189840;25,37;9733
189900;25,37;9715
189960;25,37;9691
190020;25,37;9717
190080;25,37;9702
190140;25,36;9679
190200;25,36;9673
190260;25,36;9678
190320;25,36;9671
190380;25,33;9537
190440;25,31;9449
190500;25,32;9491
190560;25,32;9491
190620;25,32;9513
190680;25,33;9519
190740;25,33;9548
190800;25,34;9557
190860;25,34;9564
190920;25,35;9586
190980;25,35;9581
191040;25,35;9562
191100;25,35;9578
191160;25,36;9579
191220;25,36;9584
191280;25,36;9592
191340;25,35;9576
191400;25,35;9555
191460;25,35;9559
191520;25,35;9564
191580;25,36;9580
191640;25,36;9596
191700;25,36;9594
191760;25,37;9596
191820;25,37;9634
191880;25,38;9670
191940;25,38;9668
192000;25,38;9674
192060;25,38;9678
192120;25,38;9667
192180;25,38;9655
192240;25,38;9644
192300;25,37;9638
192360;25,38;9655
192420;25,38;9658
192480;25,37;9630
192540;25,38;9640
192600;25,37;9619
192660;25,37;9622
192720;25,38;9639
192780;25,38;9653
192840;25,37;9634
192900;25,38;9649
192960;25,38;9647
193020;25,38;9652
193080;25,39;9673
193140;25,39;9666
193200;25,38;9658
193260;25,39;9663
193320;25,39;9666
193380;25,39;9646
193440;25,38;9630
193500;25,39;9640
193560;25,39;9639
193620;25,39;9654
193680;25,39;9651
193740;25,39;9634
193800;25,39;9643
193860;25,39;9648
193920;25,39;9631
193980;25,39;9641
194040;25,40;9657
194100;25,39;9647
194160;25,40;9646
194220;25,39;9635
194280;25,40;9654
194340;25,40;9667
194400;25,40;9664
194460;25,40;9648
194520;25,40;9659
194580;25,41;9669
194640;25,40;9642
194700;25,39;9615
194760;25,39;9620
194820;25,41;9657
194880;25,41;9653
194940;25,40;9633
195000;25,39;9609
195060;25,40;9624
195120;25,40;9629
195180;25,41;9653
195240;25,40;9620
195300;25,40;9616
195360;25,40;9630
195420;25,40;9626
195480;25,41;9653
195540;25,42;9676
195600;25,41;9647
195660;25,42;9675
195720;25,42;9688
195780;25,42;9660
195840;25,42;9664
195900;25,43;9694
195960;25,43;9687
196020;25,42;9670
196080;25,43;9672
196140;25,42;9661
196200;25,42;9656
196260;25,42;9656
196320;25,42;9655
196380;25,42;9650
196440;25,42;9653
196500;25,42;9639
196560;25,42;9644
196620;25,42;9639
196680;25,42;9629
196740;25,42;9641
196800;25,42;9625
196860;25,42;9632
196920;25,42;9642
196980;25,42;9637
197040;25,42;9625
197100;25,42;9622
197160;25,42;9629
197220;25,42;9629
197280;25,42;9631
197340;25,42;9633
197400;25,43;9631
197460;25,42;9632
197520;25,42;9629
197580;25,43;9624
197640;25,42;9621
197700;25,42;9622
197760;25,43;9624
197820;25,43;9626
197880;25,43;9640
197940;25,43;9629
198000;25,43;9616
198060;25,42;9609
198120;25,43;9626
198180;25,43;9628
198240;25,43;9633
198300;25,42;9609
198360;25,43;9602
198420;25,43;9624
198480;25,43;9617
198540;25,43;9621
198600;25,43;9634
198660;25,43;9628
198720;25,43;9619
198780;25,43;9610
198840;25,43;9606
198900;25,43;9620
198960;25,44;9625
199020;25,44;9627
199080;25,44;9645
199140;25,44;9642
199200;25,45;9651
199260;25,45;9647
199320;25,44;9639
199380;25,44;9633
199440;25,45;9649
199500;25,45;9655
199560;25,45;9664
199620;25,45;9670
199680;25,44;9632
199740;25,45;9642
199800;25,46;9665
199860;25,42;9545
199920;25,40;9467
199980;25,41;9501
200040;25,42;9514
200100;25,41;9504
200160;25,43;9545
200220;25,43;9565
200280;25,43;9566
200340;25,44;9587
200400;25,44;9598
200460;25,44;9601
200520;25,44;9565
200580;25,44;9587
200640;25,44;9589
200700;25,44;9595
200760;25,44;9582
200820;25,45;9590
200880;25,45;9619
200940;25,45;9626
201000;25,46;9633
201060;25,46;9621
201120;25,46;9653
201180;25,47;9655
201240;25,46;9641
201300;25,46;9636
201360;25,46;9658
201420;25,47;9657
201480;25,46;9644
201540;25,46;9647
201600;25,47;9663
201660;25,47;9685
201720;25,48;9706
201780;25,48;9699
201840;25,47;9662
201900;25,47;9655
201960;25,47;9650
202020;25,47;9667
202080;25,47;9676
202140;25,48;9699
202200;25,47;9683
202260;25,47;9648
202320;25,47;9657
202380;25,47;9650
202440;25,47;9625
202500;25,47;9629
202560;25,47;9638
202620;25,47;9650
202680;25,47;9627
202740;25,47;9628
202800;25,47;9630
202860;25,47;9629
202920;25,47;9634
202980;25,47;9639
203040;25,47;9638
203100;25,47;9631
203160;25,47;9632
203220;25,48;9654
203280;25,48;9668
203340;25,48;9633
203400;25,48;9636
203460;25,48;9645
203520;25,48;9655
203580;25,48;9633
203640;25,48;9660
203700;25,48;9661
203760;25,48;9640
203820;25,48;9627
203880;25,48;9636
203940;25,48;9642
204000;25,48;9641
204060;25,48;9616
204120;25,48;9639
204180;25,49;9652
204240;25,48;9637
204300;25,48;9642
204360;25,49;9645
204420;25,49;9642
204480;25,48;9637
204540;25,48;9608
204600;25,48;9608
204660;25,48;9623
204720;25,48;9615
204780;25,49;9638
204840;25,48;9613
204900;25,48;9616
204960;25,49;9630
205020;25,49;9619
205080;25,49;9638
205140;25,49;9645
205200;25,49;9634
205260;25,49;9644
205320;25,49;9646
205380;25,49;9628
205440;25,49;9635
205500;25,49;9638
205560;25,49;9642
205620;25,50;9651
205680;25,49;9635
205740;25,49;9619
205800;25,49;9603
205860;25,49;9607
205920;25,50;9644
205980;25,50;9649
206040;25,50;9647
206100;25,51;9671
206160;25,50;9665
206220;25,50;9646
206280;25,50;9646
206340;25,50;9645
206400;25,50;9650
206460;25,50;9653
206520;25,50;9636
206580;25,50;9646
206640;25,51;9650
206700;25,50;9646
206760;25,50;9630
206820;25,50;9631
206880;25,50;9619
206940;25,50;9640
207000;25,50;9637
207060;25,50;9632
207120;25,51;9643
207180;25,51;9654
207240;25,50;9637
207300;25,50;9621
207360;25,50;9631
207420;25,50;9635
207480;25,51;9642
207540;25,50;9621
207600;25,50;9617
207660;25,50;9622
207720;25,51;9634
207780;25,51;9626
207840;25,51;9626
207900;25,51;9623
207960;25,50;9617
208020;25,51;9622
208080;25,51;9625
208140;25,51;9622
208200;25,51;9636
208260;25,51;9640
208320;25,52;9652
208380;25,52;9661
208440;25,52;9646
208500;25,51;9635
208560;25,51;9623
208620;25,52;9635
208680;25,51;9630
208740;25,51;9597
208800;25,51;9611
208860;25,51;9616
208920;25,51;9617
208980;25,52;9630
209040;25,51;9605
209100;25,51;9615
209160;25,52;9628
209220;25,52;9643
209280;25,52;9626
209340;25,52;9617
209400;25,52;9617
209460;25,52;9634
209520;25,51;9610
209580;25,51;9608
209640;25,51;9604
209700;25,52;9618
209760;25,52;9611
209820;25,52;9610
209880;25,52;9627
209940;25,52;9618
210000;25,52;9601
210060;25,52;9604
210120;25,52;9627
210180;25,53;9641
210240;25,53;9629
210300;25,53;9646
210360;25,53;9662
210420;25,53;9644
210480;25,53;9636
210540;25,52;9616
210600;25,53;9633
210660;25,53;9634
210720;25,53;9631
210780;25,52;9608
210840;25,53;9639
210900;25,53;9651
210960;25,53;9623
211020;25,53;9619
211080;25,53;9628
211140;25,53;9629
211200;25,53;9635
211260;25,53;9632
211320;25,53;9618
211380;25,53;9614
211440;25,53;9622
211500;25,53;9626
211560;25,53;9627
211620;25,54;9644
211680;25,54;9663
211740;25,54;9649
211800;25,54;9638
211860;25,54;9642
211920;25,54;9638
211980;25,54;9648
212040;25,54;9637
212100;25,55;9656
212160;25,55;9656
212220;25,54;9639
212280;25,54;9644
212340;25,55;9648
212400;25,55;9653
212460;25,55;9650
212520;25,54;9627
212580;25,54;9624
212640;25,54;9635
212700;25,54;9631
212760;25,54;9632
212820;25,54;9631
212880;25,54;9632
212940;25,55;9636
213000;25,54;9623
213060;25,54;9629
213120;25,55;9649
213180;25,56;9665
213240;25,56;9672
213300;25,56;9661
213360;25,55;9654
213420;25,55;9635
213480;25,55;9657
213540;25,55;9649
213600;25,55;9641
213660;25,55;9638
213720;25,55;9636
213780;25,55;9626
213840;25,55;9618
213900;25,55;9630
213960;25,55;9630
214020;25,55;9636
214080;25,56;9637
214140;25,56;9638
214200;25,56;9638
214260;25,56;9642
214320;25,56;9651
214380;25,56;9648
214440;25,56;9645
214500;25,56;9642
214560;25,56;9644
214620;25,56;9641
214680;25,56;9634
214740;25,56;9631
214800;25,56;9611
214860;25,56;9620
214920;25,56;9625
214980;25,56;9620
215040;25,56;9632
215100;25,56;9625
215160;25,56;9637
215220;25,57;9644
215280;25,56;9628
215340;25,56;9630
215400;25,56;9623
215460;25,56;9617
215520;25,56;9610
215580;25,56;9613
215640;25,56;9627
215700;25,56;9625
215760;25,56;9627
215820;25,57;9631
215880;25,56;9622
215940;25,56;9625
216000;25,56;9614
216060;25,56;9601
216120;25,56;9594
216180;25,56;9613
216240;25,56;9616
216300;25,57;9621
216360;25,57;9621
216420;25,57;9629
216480;25,57;9629
216540;25,57;9618
216600;25,57;9626
216660;25,57;9635
216720;25,57;9636
216780;25,58;9647
216840;25,58;9650
216900;25,58;9652
216960;25,58;9654
217020;25,58;9653
217080;25,58;9646
217140;25,58;9636
217200;25,58;9634
217260;25,58;9631
217320;25,58;9638
217380;25,58;9655
217440;25,58;9647
217500;25,58;9624
217560;25,58;9614
217620;25,58;9637
217680;25,58;9619
217740;25,58;9639
217800;25,58;9630
217860;25,59;9643
217920;25,59;9643
217980;25,58;9616
218040;25,58;9613
218100;25,58;9621
218160;25,58;9626
218220;25,58;9624
218280;25,58;9627
218340;25,59;9641
218400;25,59;9642
218460;25,59;9643
218520;25,59;9637
218580;25,58;9620
218640;25,59;9621
218700;25,59;9621
218760;25,59;9631
218820;25,59;9633
218880;25,59;9634
218940;25,59;9625
219000;25,59;9626
219060;25,58;9604
219120;25,59;9603
219180;25,59;9606
219240;25,58;9594
219300;25,59;9595
219360;25,59;9600
219420;25,60;9631
219480;25,60;9626
219540;25,59;9609
219600;25,59;9611
219660;25,59;9611
219720;25,60;9611
219780;25,59;9602
219840;25,59;9603
219900;25,60;9616
219960;25,59;9610
220020;25,59;9599
220080;25,59;9593
220140;25,59;9595
220200;25,59;9598
220260;25,59;9592
220320;25,60;9607
220380;25,59;9604
220440;25,59;9601
220500;25,59;9604
220560;25,60;9609
220620;25,60;9613
220680;25,60;9613
220740;25,60;9623
220800;25,60;9603
220860;25,60;9608
220920;25,60;9614
220980;25,60;9621
221040;25,60;9615
221100;25,60;9604
221160;25,60;9601
221220;25,60;9607
221280;25,60;9614
221340;25,61;9631
221400;25,61;9644
221460;25,61;9632
221520;25,61;9652
221580;25,62;9661
221640;25,61;9615
221700;25,61;9617
221760;25,61;9632
221820;25,60;9606
221880;25,61;9618
221940;25,62;9647
222000;25,62;9657
222060;25,62;9649
222120;25,62;9672
222180;25,61;9637
222240;25,63;9709
222300;25,64;9706
222360;25,63;9702
222420;25,63;9699
222480;25,63;9680
222540;25,63;9659
222600;25,63;9652
222660;25,63;9664
222720;25,62;9657
222780;25,62;9630
222840;25,62;9637
222900;25,62;9642
222960;25,62;9613
223020;25,62;9623
223080;25,61;9598
223140;25,61;9599
223200;25,62;9632
223260;25,62;9607
223320;25,61;9582
223380;25,61;9594
223440;25,61;9580
223500;25,61;9591
223560;25,61;9594
223620;25,61;9589
223680;25,61;9580
223740;25,61;9583
223800;25,61;9585
223860;25,61;9583
223920;25,61;9581
223980;25,61;9585
224040;25,62;9609
224100;25,62;9610
224160;25,62;9594
224220;25,62;9605
224280;25,62;9601
224340;25,61;9583
224400;25,62;9573
224460;25,61;9566
224520;25,61;9576
224580;25,62;9587
224640;25,67;9779
224700;25,67;9791
224760;25,66;9747
224820;25,66;9732
224880;25,67;9773
224940;25,67;9790
225000;25,67;9780
225060;25,66;9744
225120;25,65;9686
225180;25,64;9671
225240;25,63;9632
225300;25,67;9760
225360;25,64;9668
225420;25,61;9556
225480;25,62;9605
225540;25,62;9591
225600;25,63;9599
225660;25,62;9592
225720;25,63;9600
225780;25,63;9606
225840;25,62;9578
225900;25,63;9614
225960;25,63;9597
226020;25,62;9569
226080;25,62;9586
226140;25,63;9589
226200;25,63;9583
226260;25,63;9596
226320;25,64;9611
226380;25,63;9581
226440;25,63;9581
226500;25,63;9583
226560;25,64;9585
226620;25,63;9564
226680;25,64;9596
226740;25,64;9592
226800;25,63;9577
226860;25,64;9603
226920;25,64;9603
226980;25,63;9585
227040;25,63;9562
227100;25,63;9552
227160;25,63;9571
227220;25,63;9572
227280;25,66;9670
227340;25,70;9818
227400;25,68;9751
227460;25,67;9726
227520;25,66;9691
227580;25,66;9676
227640;25,65;9651
227700;25,65;9648
227760;25,66;9667
227820;25,65;9630
227880;25,67;9714
227940;25,68;9729
228000;25,67;9717
228060;25,67;9692
228120;25,66;9657
228180;25,66;9685
228240;25,68;9739
228300;25,70;9828
228360;25,66;9672
228420;25,61;9473
228480;25,62;9515
228540;25,61;9468
228600;25,61;9469
228660;25,61;9473
228720;25,62;9500
228780;25,62;9482
228840;25,64;9584
228900;25,65;9602
228960;25,65;9620
229020;25,64;9571
229080;25,64;9569
229140;25,63;9509
229200;25,63;9538
229260;25,65;9587
229320;25,65;9589
229380;25,65;9575
229440;25,65;9594
229500;25,65;9603
229560;25,65;9591
229620;25,65;9586
229680;25,65;9562
229740;25,68;9671
229800;25,72;9819
229860;25,71;9796
229920;25,69;9759
229980;25,69;9728
230040;25,68;9681
230100;25,67;9675
230160;25,67;9661
230220;25,67;9672
230280;25,67;9678
230340;25,67;9659
230400;25,67;9659
230460;25,66;9635
230520;25,66;9614
230580;25,66;9640
230640;25,67;9659
230700;25,66;9624
230760;25,66;9627
230820;25,67;9645
230880;25,66;9604
230940;25,66;9596
231000;25,66;9591
231060;25,66;9606
231120;25,66;9609
231180;25,66;9607
231240;25,66;9593
231300;25,65;9539
231360;25,65;9555
231420;25,66;9550
231480;25,64;9516
231540;25,65;9538
231600;25,66;9575
231660;25,66;9556
231720;25,66;9549
231780;25,67;9591
231840;25,67;9619
231900;25,68;9628
231960;25,68;9635
232020;25,67;9610
232080;25,68;9656
232140;25,68;9644
232200;25,68;9651
232260;25,69;9658
232320;25,68;9623
232380;25,68;9645
232440;25,68;9642
232500;25,68;9639
232560;25,68;9644
232620;25,68;9634
232680;25,68;9644
232740;25,68;9627
232800;25,68;9619
232860;25,68;9619
232920;25,68;9620
232980;25,68;9635
233040;25,69;9660
233100;25,68;9650
233160;25,68;9621
233220;25,68;9643
233280;25,68;9638
233340;25,69;9674
233400;25,69;9653
233460;25,69;9672
233520;25,69;9662
233580;25,69;9672
233640;25,70;9691
233700;25,70;9677
233760;25,70;9675
233820;25,70;9677
233880;25,70;9680
233940;25,69;9656
234000;25,69;9627
234060;25,69;9647
234120;25,70;9678
234180;25,70;9678
234240;25,70;9673
234300;25,70;9681
234360;25,70;9671
234420;25,70;9667
234480;25,70;9652
234540;25,70;9650
234600;25,69;9623
234660;25,70;9639
234720;25,70;9645
234780;25,69;9627
234840;25,69;9623
234900;25,70;9648
234960;25,69;9617
235020;25,70;9632
235080;25,70;9625
235140;25,70;9641
235200;25,69;9614
235260;25,69;9605
235320;25,70;9634
235380;25,70;9624
235440;25,70;9613
235500;25,69;9593
235560;25,69;9596
235620;25,70;9618
235680;25,69;9576
235740;25,69;9582
235800;25,69;9593
235860;25,69;9600
235920;25,70;9614
235980;25,70;9615
236040;25,70;9608
236100;25,69;9586
236160;25,70;9608
236220;25,69;9581
236280;25,70;9605
236340;25,71;9632
236400;25,70;9616
236460;25,70;9602
236520;25,71;9619
236580;25,70;9604
236640;25,69;9579
236700;25,70;9586
236760;25,70;9585
236820;25,70;9587
236880;25,70;9622
236940;25,71;9646
237000;25,71;9631
237060;25,70;9609
237120;25,71;9629
237180;25,71;9650
237240;25,71;9634
237300;25,71;9626
237360;25,71;9633
237420;25,71;9616
237480;25,71;9617
237540;25,71;9638
237600;25,71;9613
237660;25,71;9616
237720;25,71;9619
237780;25,72;9643
237840;25,72;9634
237900;25,72;9640
237960;25,71;9638
238020;25,72;9650
238080;25,72;9646
238140;25,72;9640
238200;25,72;9649
238260;25,72;9640
238320;25,72;9645
238380;25,73;9676
238440;25,73;9682
238500;25,73;9672
238560;25,73;9676
238620;25,73;9662
238680;25,73;9652
238740;25,71;9611
238800;25,71;9602
238860;25,72;9637
238920;25,73;9648
238980;25,73;9675
239040;25,73;9662
239100;25,73;9656
239160;25,73;9652
239220;25,73;9647
239280;25,73;9654
239340;25,73;9662
239400;25,73;9659
239460;25,73;9664
239520;25,73;9657
239580;25,73;9634
239640;25,73;9645
239700;25,73;9662
239760;25,74;9672
239820;25,74;9681
239880;25,73;9664
239940;25,74;9662
240000;25,73;9645
240060;25,73;9637
240120;25,72;9595
240180;25,72;9604
240240;25,73;9631
240300;25,73;9621
240360;25,72;9603
240420;25,72;9606
240480;25,72;9606
240540;25,73;9616
240600;25,73;9613
240660;25,73;9596
240720;25,73;9606
240780;25,73;9614
240840;25,73;9613
240900;25,73;9610
240960;25,73;9617
241020;25,74;9644
241080;25,74;9654
241140;25,73;9621
241200;25,73;9613
241260;25,74;9640
241320;25,74;9631
241380;25,74;9626
241440;25,74;9618
241500;25,74;9646
241560;25,74;9649
241620;25,74;9639
241680;25,74;9633
241740;25,75;9647
241800;25,75;9647
241860;25,74;9631
241920;25,74;9635
241980;25,75;9659
242040;25,75;9666
242100;25,75;9667
242160;25,75;9662
242220;25,75;9641
242280;25,74;9615
242340;25,74;9630
242400;25,75;9655
242460;25,75;9651
242520;25,75;9664
242580;25,75;9658
242640;25,75;9642
242700;25,75;9656
242760;25,75;9632
242820;25,75;9627
242880;25,74;9607
242940;25,74;9604
243000;25,75;9627
243060;25,75;9647
243120;25,74;9602
243180;25,74;9592
243240;25,74;9610
243300;25,75;9611
243360;25,74;9596
243420;25,75;9610
243480;25,75;9615
243540;25,75;9627
243600;25,76;9654
243660;25,76;9649
243720;25,76;9636
243780;25,76;9646
243840;25,76;9660
243900;25,76;9663
243960;25,76;9651
244020;25,76;9639
244080;25,76;9645
244140;25,76;9642
244200;25,75;9624
244260;25,75;9603
244320;25,74;9575
244380;25,75;9593
244440;25,75;9626
244500;25,75;9612
244560;25,76;9620
244620;25,76;9618
244680;25,76;9634
244740;25,76;9642
244800;25,76;9641
244860;25,76;9637
244920;25,77;9681
244980;25,78;9709
245040;25,78;9692
245100;25,78;9707
245160;25,78;9704
245220;25,78;9704
245280;25,78;9700
245340;25,77;9664
245400;25,77;9648
245460;25,77;9666
245520;25,78;9696
245580;25,77;9673
245640;25,78;9689
245700;25,78;9697
245760;25,78;9696
245820;25,78;9694
245880;25,76;9614
245940;25,76;9599
246000;25,77;9649
246060;25,77;9644
246120;25,77;9654
246180;25,77;9639
246240;25,78;9672
246300;25,77;9640
246360;25,76;9621
246420;25,77;9644
246480;25,78;9664
246540;25,78;9684
246600;25,78;9673
246660;25,77;9644
246720;25,78;9653
246780;25,78;9660
246840;25,77;9639
246900;25,77;9620
246960;25,77;9622
247020;25,77;9633
247080;25,76;9589
247140;25,76;9593
247200;25,77;9608
247260;25,77;9608
247320;25,78;9648
247380;25,77;9630
247440;25,76;9588
247500;25,76;9584
247560;25,77;9599
247620;25,76;9580
247680;25,76;9589
247740;25,76;9578
247800;25,76;9576
247860;25,77;9581
247920;25,76;9581
247980;25,76;9584
248040;25,77;9580
248100;25,77;9592
248160;25,77;9613
248220;25,78;9619
248280;25,78;9621
248340;25,78;9614
248400;25,77;9610
248460;25,78;9621
248520;25,78;9620
248580;25,77;9582
248640;25,78;9632
248700;25,78;9609
248760;25,79;9651
248820;25,78;9616
248880;25,78;9637
248940;25,77;9598
249000;25,77;9572
249060;25,76;9571
249120;25,77;9576
249180;25,78;9613
249240;25,77;9602
249300;25,77;9604
249360;25,78;9616
249420;25,78;9610
249480;25,79;9650
249540;25,79;9681
249600;25,79;9660
249660;25,79;9659
249720;25,79;9668
249780;25,79;9666
249840;25,80;9695
249900;25,80;9698
249960;25,80;9664
250020;25,79;9645
250080;25,79;9647
250140;25,79;9632
250200;25,79;9648
250260;25,79;9634
250320;25,79;9629
250380;25,78;9624
250440;25,78;9589
250500;25,78;9614
250560;25,78;9610
250620;25,79;9631
250680;25,79;9624
250740;25,79;9621
250800;25,79;9624
250860;25,79;9618
250920;25,79;9639
250980;25,80;9654
251040;25,80;9642
251100;25,79;9610
251160;25,79;9620
251220;25,79;9619
251280;25,79;9628
251340;25,79;9631
251400;25,80;9633
251460;25,79;9618
251520;25,79;9622
251580;25,80;9654
251640;25,81;9673
251700;25,80;9664
251760;25,79;9613
251820;25,80;9628
251880;25,80;9642
251940;25,80;9621
252000;25,79;9616
252060;25,80;9648
252120;25,80;9648
252180;25,79;9610
252240;25,79;9600
252300;25,79;9588
252360;25,79;9590
252420;25,79;9606
252480;25,79;9594
252540;25,80;9625
252600;25,80;9634
252660;25,80;9625
252720;25,80;9621
252780;25,80;9603
252840;25,81;9656
252900;25,80;9636
252960;25,80;9622
253020;25,80;9628
253080;25,80;9631
253140;25,80;9608
253200;25,80;9612
253260;25,80;9594
253320;25,80;9623
253380;25,80;9608
253440;25,80;9611
253500;25,81;9635
253560;25,82;9664
253620;25,81;9645
253680;25,81;9628
253740;25,82;9662
253800;25,82;9667
253860;25,82;9657
253920;25,81;9630
253980;25,80;9609
254040;25,80;9614
254100;25,81;9625
254160;25,81;9639
254220;25,81;9634
254280;25,81;9613
254340;25,82;9655
254400;25,82;9668
254460;25,82;9644
254520;25,81;9631
254580;25,81;9619
254640;25,81;9611
254700;25,81;9615
254760;25,82;9636
254820;25,82;9645
254880;25,82;9650
254940;25,82;9657
255000;25,82;9643
255060;25,82;9643
255120;25,82;9654
255180;25,82;9647
255240;25,82;9633
255300;25,82;9648
255360;25,83;9684
255420;25,83;9654
255480;25,82;9647
255540;25,82;9644
255600;25,83;9662
255660;25,82;9637
255720;25,82;9627
255780;25,82;9640
255840;25,82;9643
255900;25,81;9611
255960;25,81;9602
256020;25,81;9594
256080;25,82;9602
256140;25,82;9619
256200;25,82;9634
256260;25,83;9643
256320;25,82;9636
256380;25,82;9623
256440;25,82;9619
256500;25,82;9604
256560;25,82;9598
256620;25,82;9612
256680;25,83;9634
256740;25,83;9647
256800;25,83;9624
256860;25,83;9639
256920;25,83;9647
256980;25,83;9652
257040;25,83;9656
257100;25,84;9666
257160;25,83;9644
257220;25,84;9658
257280;25,83;9626
257340;25,83;9638
257400;25,83;9650
257460;25,83;9625
257520;25,82;9594
257580;25,82;9612
257640;25,83;9636
257700;25,83;9638
257760;25,83;9632
257820;25,83;9621
257880;25,83;9619
257940;25,83;9638
258000;25,84;9663
258060;25,84;9671
258120;25,84;9667
258180;25,85;9678
258240;25,84;9670
258300;25,84;9653
258360;25,84;9654
258420;25,84;9659
258480;25,85;9677
258540;25,84;9643
258600;25,84;9644
258660;25,84;9649
258720;25,84;9642
258780;25,84;9649
258840;25,84;9632
258900;25,85;9655
258960;25,85;9658
259020;25,85;9655
259080;25,85;9665
259140;25,85;9672
259200;25,85;9662
259260;25,85;9659
259320;25,85;9654
259380;25,84;9630
259440;25,85;9646
259500;25,86;9672
259560;25,85;9654
259620;25,84;9637
259680;25,84;9618
259740;25,84;9600
259800;25,84;9618
259860;25,84;9601
259920;25,84;9588
259980;25,84;9599
260040;25,83;9577
260100;25,84;9608
260160;25,85;9613
260220;25,85;9640
260280;25,85;9648
260340;25,85;9624
260400;25,83;9574
260460;25,84;9580
260520;25,84;9597
260580;25,84;9578
260640;25,83;9547
260700;25,83;9538
260760;25,84;9568
260820;25,84;9577
260880;25,84;9572
260940;25,84;9593
261000;25,84;9588
261060;25,85;9607
261120;25,85;9626
261180;25,85;9621
261240;25,86;9646
261300;25,86;9666
261360;25,86;9648
261420;25,85;9636
261480;25,84;9597
261540;25,85;9616
261600;25,85;9612
261660;25,84;9582
261720;25,85;9608
261780;25,85;9623
261840;25,85;9616
261900;25,85;9633
261960;25,86;9674
262020;25,87;9707
262080;25,87;9694
262140;25,86;9671
262200;25,86;9675
262260;25,86;9662
262320;25,86;9645
262380;25,86;9659
262440;25,86;9667
262500;25,86;9654
262560;25,86;9648
262620;25,86;9631
262680;25,85;9631
262740;25,86;9657
262800;25,87;9671
262860;25,86;9651
262920;25,86;9642
262980;25,86;9630
263040;25,87;9662
263100;25,86;9640
263160;25,87;9655
263220;25,87;9667
263280;25,87;9648
263340;25,87;9675
263400;25,87;9668
263460;25,87;9650
263520;25,87;9662
263580;25,87;9645
263640;25,86;9638
263700;25,86;9625
263760;25,86;9618
263820;25,87;9646
263880;25,86;9625
263940;25,86;9614
264000;25,87;9628
264060;25,87;9644
264120;25,86;9619
264180;25,86;9623
264240;25,87;9633
264300;25,86;9617
264360;25,87;9631
264420;25,86;9606
264480;25,86;9602
264540;25,86;9621
264600;25,87;9656
264660;25,87;9621
264720;25,86;9603
264780;25,87;9637
264840;25,87;9635
264900;25,87;9634
264960;25,88;9650
265020;25,88;9655
265080;25,87;9635
265140;25,86;9598
265200;25,86;9594
265260;25,86;9587
265320;25,86;9609
265380;25,84;9533
265440;25,86;9563
265500;25,85;9555
265560;25,85;9562
265620;25,86;9571
265680;25,87;9620
265740;25,87;9636
265800;25,87;9626
265860;25,88;9640
265920;25,88;9649
265980;25,89;9671
266040;25,89;9673
266100;25,89;9674
266160;25,89;9678
266220;25,89;9669
266280;25,89;9662
266340;25,89;9676
266400;25,90;9701
266460;25,87;9600
266520;25,83;9451
266580;25,84;9479
266640;25,85;9500
266700;25,85;9516
266760;25,86;9562
266820;25,86;9571
266880;25,87;9586
266940;25,87;9591
267000;25,87;9596
267060;25,88;9625
267120;25,88;9622
267180;25,88;9625
267240;25,88;9617
267300;25,88;9628
267360;25,88;9618
267420;25,88;9624
267480;25,89;9635
267540;25,89;9632
267600;25,89;9641
267660;25,89;9625
267720;25,88;9606
267780;25,89;9616
267840;25,89;9632
267900;25,89;9638
267960;25,89;9618
268020;25,89;9638
268080;25,89;9653
268140;25,89;9656
268200;25,88;9609
268260;25,88;9605
268320;25,89;9624
268380;25,88;9606
268440;25,88;9610
268500;25,89;9630
268560;25,89;9636
268620;25,89;9626
268680;25,89;9608
268740;25,88;9595
268800;25,89;9596
268860;25,89;9612
268920;25,89;9602
268980;25,89;9589
269040;25,89;9615
269100;25,89;9623
269160;25,89;9628
269220;25,90;9640
269280;25,90;9637
269340;25,90;9656
269400;25,90;9637
269460;25,89;9613
269520;25,89;9609
269580;25,89;9587
269640;25,89;9585
269700;25,89;9577
269760;25,89;9573
269820;25,89;9605
269880;25,89;9583
269940;25,90;9615
270000;25,90;9607
270060;25,90;9608
270120;25,90;9634
270180;25,90;9634
270240;25,90;9620
270300;25,91;9638
270360;25,91;9635
270420;25,91;9645
270480;25,91;9659
270540;25,91;9648
270600;25,91;9661
270660;25,92;9662
270720;25,91;9653
270780;25,90;9612
270840;25,89;9547
270900;25,90;9574
270960;25,90;9577
271020;25,90;9587
271080;25,89;9570
271140;25,90;9585
271200;25,89;9550
271260;25,90;9585
271320;25,90;9588
271380;25,91;9613
271440;25,91;9613
271500;25,91;9611
271560;25,91;9610
271620;25,91;9609
271680;25,91;9623
271740;25,92;9660
271800;25,92;9643
271860;25,92;9644
271920;25,92;9665
271980;25,92;9646
272040;25,93;9663
272100;25,94;9696
272160;25,93;9691
272220;25,92;9638
272280;25,92;9648
272340;25,92;9644
272400;25,92;9638
272460;25,92;9630
272520;25,92;9647
272580;25,92;9634
272640;25,92;9621
272700;25,92;9630
272760;25,93;9652
272820;25,93;9653
272880;25,93;9658
272940;25,93;9645
273000;25,93;9652
273060;25,93;9657
273120;25,93;9649
273180;25,92;9637
273240;25,93;9634
273300;25,93;9647
273360;25,94;9671
273420;25,94;9664
273480;25,93;9644
273540;25,94;9692
273600;25,95;9711
273660;25,94;9657
273720;25,93;9644
273780;25,92;9606
273840;25,93;9647
273900;25,93;9648
273960;25,94;9652
274020;25,94;9665
274080;25,94;9673
274140;25,94;9664
274200;25,93;9639
274260;25,93;9626
274320;25,93;9628
274380;25,93;9617
274440;25,93;9632
274500;25,93;9618
274560;25,93;9604
274620;25,93;9617
274680;25,93;9629
274740;25,93;9614
274800;25,93;9597
274860;25,93;9609
274920;25,93;9600
274980;25,93;9590
275040;25,93;9599
275100;25,93;9586
275160;25,93;9591
275220;25,93;9614
275280;25,94;9618
275340;25,93;9584
275400;25,94;9616
275460;25,94;9618
275520;25,94;9623
275580;25,94;9615
275640;25,94;9602
275700;25,94;9612
275760;25,94;9635
275820;25,94;9624
275880;25,94;9622
275940;25,93;9601
276000;25,94;9604
276060;25,94;9608
276120;25,93;9588
276180;25,94;9602
276240;25,94;9606
276300;25,94;9608
276360;25,95;9645
276420;25,95;9640
276480;25,94;9628
276540;25,94;9620
276600;25,94;9620
276660;25,95;9629
276720;25,95;9636
276780;25,94;9610
276840;25,95;9623
276900;25,95;9640
276960;25,95;9633
277020;25,95;9651
277080;25,95;9642
277140;25,94;9612
277200;25,95;9626
277260;25,95;9635
277320;25,95;9633
277380;25,95;9634
277440;25,95;9626
277500;25,95;9623
277560;25,95;9634
277620;25,95;9636
277680;25,95;9627
277740;25,95;9627
277800;25,95;9621
277860;25,95;9614
277920;25,96;9629
277980;25,96;9647
278040;25,95;9618
278100;25,95;9622
278160;25,96;9627
278220;25,96;9623
278280;25,96;9640
278340;25,97;9656
278400;25,97;9655
278460;25,96;9621
278520;25,96;9639
278580;25,97;9660
278640;25,98;9631
278700;25,99;9654
278760;25,99;9657
278820;25,99;9642
278880;25,99;9634
278940;25,99;9639
279000;25,99;9654
279060;25,99;9647
279120;25,98;9632
279180;25,98;9602
279240;25,98;9611
279300;25,99;9628
279360;25,99;9623
279420;25,99;9635
279480;25,98;9629
279540;25,98;9598
279600;25,99;9631
279660;25,99;9634
279720;25,99;9631
279780;25,99;9636
279840;25,99;9649
279900;25,99;9659
279960;25,99;9645
280020;25,99;9625
280080;26,00;9672
280140;26,00;9679
280200;26,00;9659
280260;26,00;9658
280320;26,00;9668
280380;26,00;9670
280440;26,00;9651
280500;26,00;9658
280560;26,00;9673
280620;26,01;9680
280680;26,00;9659
280740;26,00;9656
280800;26,01;9696
280860;26,00;9679
280920;26,00;9664
280980;26,00;9664
281040;26,00;9659
281100;26,01;9668
281160;26,00;9664
281220;26,01;9679
281280;26,01;9672
281340;26,00;9654
281400;26,01;9663
281460;26,01;9663
281520;26,01;9658
281580;26,00;9649
281640;26,00;9647
281700;26,00;9644
281760;26,00;9632
281820;26,00;9623
281880;26,00;9632
281940;26,00;9623
282000;25,99;9590
282060;26,00;9611
282120;26,00;9621
282180;26,00;9619
282240;26,00;9606
282300;26,00;9618
282360;26,00;9609
282420;26,01;9636
282480;26,01;9627
282540;26,01;9627
282600;26,01;9654
282660;26,01;9631
282720;26,01;9623
282780;26,01;9629
282840;26,01;9624
282900;26,01;9627
282960;26,01;9618
283020;26,01;9616
283080;26,01;9642
283140;26,01;9638
283200;26,01;9629
283260;26,02;9641
283320;26,01;9633
283380;26,01;9635
283440;26,01;9638
283500;26,01;9628
283560;26,01;9625
283620;26,02;9653
283680;26,02;9657
283740;26,02;9638
283800;26,02;9662
283860;26,02;9649
283920;26,02;9661
283980;26,02;9656
284040;26,02;9668
284100;26,02;9626
284160;26,02;9632
284220;26,02;9658
284280;26,03;9661
284340;26,03;9661
284400;26,02;9642
284460;26,02;9639
284520;26,02;9643
284580;26,02;9623
284640;26,01;9604
284700;26,01;9606
284760;26,02;9632
284820;26,02;9639
284880;26,02;9627
284940;26,02;9627
285000;26,02;9631
285060;26,03;9640
285120;26,03;9648
285180;26,03;9643
285240;26,02;9629
285300;26,02;9627
285360;26,03;9629
285420;26,02;9636
285480;26,02;9616
285540;26,02;9603
285600;26,02;9617
285660;26,02;9616
285720;26,02;9613
285780;26,03;9622
285840;26,03;9632
285900;26,03;9646
285960;26,03;9631
286020;26,03;9619
286080;26,03;9623
286140;26,03;9623
286200;26,03;9644
286260;26,03;9640
286320;26,03;9637
286380;26,03;9631
286440;26,03;9635
286500;26,03;9637
286560;26,03;9637
286620;26,03;9623
286680;26,03;9636
286740;26,02;9596
286800;26,03;9620
286860;26,02;9601
286920;26,03;9613
286980;26,03;9628
287040;26,03;9627
287100;26,03;9609
287160;26,03;9595
287220;26,03;9609
287280;26,03;9619
287340;26,03;9618
287400;26,03;9612
287460;26,03;9602
287520;26,03;9604
287580;26,03;9617
287640;26,04;9634
287700;26,04;9637
287760;26,04;9639
287820;26,04;9657
287880;26,04;9642
287940;26,05;9662
288000;26,05;9663
288060;26,04;9644
288120;26,05;9674
288180;26,04;9621
288240;26,03;9595
288300;26,03;9597
288360;26,04;9617
288420;26,04;9624
288480;26,04;9625
288540;26,04;9613
288600;26,04;9615
288660;26,04;9629
288720;26,04;9608
288780;26,04;9598
288840;26,03;9590
288900;26,05;9638
288960;26,09;9786
289020;26,06;9700
289080;25,99;9452
289140;26,00;9470
289200;26,01;9501
289260;26,01;9488
289320;26,01;9503
289380;26,04;9606
289440;26,04;9596
289500;26,05;9614
289560;26,05;9616
289620;26,05;9616
289680;26,07;9684
289740;26,07;9707
289800;26,06;9688
289860;26,06;9661
289920;26,06;9664
289980;26,06;9652
290040;26,05;9638
290100;26,06;9657
290160;26,06;9662
290220;26,06;9648
290280;26,06;9654
290340;26,06;9649
290400;26,05;9626
290460;26,05;9630
290520;26,07;9676
290580;26,08;9727
290640;26,04;9579
290700;26,02;9515
290760;26,03;9549
290820;26,04;9578
290880;26,04;9591
290940;26,04;9595
291000;26,04;9590
291060;26,05;9621
291120;26,06;9643
291180;26,06;9654
291240;26,06;9646
291300;26,06;9632
291360;26,06;9637
291420;26,06;9647
291480;26,06;9645
291540;26,06;9648
291600;26,07;9657
291660;26,07;9654
291720;26,06;9643
291780;26,06;9642
291840;26,06;9628
291900;26,05;9604
291960;26,06;9629
292020;26,07;9638
292080;26,07;9646
292140;26,07;9648
292200;26,06;9639
292260;26,06;9629
292320;26,06;9640
292380;26,06;9625
292440;26,06;9639
292500;26,06;9657
292560;26,07;9653
292620;26,07;9655
292680;26,07;9655
292740;26,06;9635
292800;26,07;9633
292860;26,07;9640
292920;26,06;9623
292980;26,06;9611
293040;26,06;9631
293100;26,07;9648
293160;26,07;9642
293220;26,07;9645
293280;26,07;9646
293340;26,07;9634
293400;26,07;9633
293460;26,07;9645
293520;26,07;9644
293580;26,07;9638
293640;26,07;9622
293700;26,07;9629
293760;26,07;9617
293820;26,07;9628
293880;26,07;9624
293940;26,07;9624
294000;26,07;9624
294060;26,07;9624
294120;26,08;9640
294180;26,07;9643
294240;26,07;9644
294300;26,08;9646
294360;26,08;9641
294420;26,07;9639
294480;26,08;9642
294540;26,08;9651
294600;26,08;9645
294660;26,07;9635
294720;26,07;9632
294780;26,07;9607
294840;26,07;9609
294900;26,07;9622
294960;26,07;9619
295020;26,07;9623
295080;26,07;9626
295140;26,07;9630
295200;26,07;9618
295260;26,07;9620
295320;26,08;9646
295380;26,08;9634
295440;26,08;9633
295500;26,07;9619
295560;26,07;9619
295620;26,08;9632
295680;26,08;9634
295740;26,08;9630
295800;26,08;9635
295860;26,08;9642
295920;26,08;9635
295980;26,08;9642
296040;26,08;9638
296100;26,08;9622
296160;26,08;9644
296220;26,09;9650
296280;26,08;9636
296340;26,08;9629
296400;26,08;9636
296460;26,08;9636
296520;26,08;9628
296580;26,08;9630
296640;26,09;9647
296700;26,09;9639
296760;26,08;9641
296820;26,09;9645
296880;26,09;9644
296940;26,09;9645
297000;26,08;9630
297060;26,08;9632
297120;26,08;9632
297180;26,08;9621
297240;26,08;9611
297300;26,08;9613
297360;26,09;9630
297420;26,08;9613
297480;26,08;9610
297540;26,08;9614
297600;26,09;9636
297660;26,09;9616
297720;26,08;9617
297780;26,09;9618
297840;26,09;9638
297900;26,09;9633
297960;26,08;9627
298020;26,08;9611
298080;26,10;9642
298140;26,09;9640
298200;26,09;9635
298260;26,09;9624
298320;26,09;9615
298380;26,09;9624
298440;26,09;9623
298500;26,09;9635
298560;26,10;9644
298620;26,10;9641
298680;26,10;9638
298740;26,09;9619
298800;26,09;9630
298860;26,10;9645
298920;26,10;9654
298980;26,10;9637
299040;26,10;9640
299100;26,10;9640
299160;26,10;9629
299220;26,09;9613
299280;26,10;9625
299340;26,10;9632
299400;26,10;9619
299460;26,09;9602
299520;26,10;9629
299580;26,10;9631
299640;26,10;9630
299700;26,10;9645
299760;26,10;9644
299820;26,10;9653
299880;26,11;9664
299940;26,11;9646
300000;26,10;9630
300060;26,10;9632
300120;26,10;9630
300180;26,10;9618
300240;26,10;9618
300300;26,11;9638
300360;26,11;9643
300420;26,11;9646
300480;26,11;9635
300540;26,11;9668
300600;26,11;9661
300660;26,11;9650
300720;26,11;9649
300780;26,11;9644
300840;26,11;9639
300900;26,11;9631
300960;26,11;9625
301020;26,11;9642
301080;26,11;9642
301140;26,11;9641
301200;26,11;9648
301260;26,11;9640
301320;26,11;9631
301380;26,11;9630
301440;26,11;9627
301500;26,11;9620
301560;26,11;9620
301620;26,11;9632
301680;26,11;9642
301740;26,11;9635
301800;26,11;9637
301860;26,11;9633
301920;26,11;9611
301980;26,11;9627
302040;26,11;9632
302100;26,12;9658
302160;26,12;9650
302220;26,12;9640
302280;26,12;9651
302340;26,12;9655
302400;26,12;9638
302460;26,12;9633
302520;26,12;9632
302580;26,12;9633
302640;26,11;9614
302700;26,11;9597
302760;26,11;9610
302820;26,11;9618
302880;26,11;9611
302940;26,12;9620
303000;26,12;9644
303060;26,12;9635
303120;26,12;9618
303180;26,12;9619
303240;26,12;9632
303300;26,12;9627
303360;26,12;9626
303420;26,12;9635
303480;26,12;9628
303540;26,12;9631
303600;26,12;9622
303660;26,12;9612
303720;26,12;9626
303780;26,13;9642
303840;26,13;9641
303900;26,12;9624
303960;26,12;9627
304020;26,13;9632
304080;26,13;9645
304140;26,12;9634
304200;26,12;9602
304260;26,12;9609
304320;26,12;9617
304380;26,12;9620
304440;26,13;9632
304500;26,13;9629
304560;26,13;9632
304620;26,13;9625
304680;26,13;9630
304740;26,12;9612
304800;26,13;9628
304860;26,13;9637
304920;26,13;9628
304980;26,13;9612
305040;26,13;9618
305100;26,13;9623
305160;26,13;9645
305220;26,13;9639
305280;26,13;9624
305340;26,13;9631
305400;26,13;9623
305460;26,13;9607
305520;26,13;9618
305580;26,13;9630
305640;26,13;9623
305700;26,13;9611
305760;26,13;9619
305820;26,13;9633
305880;26,13;9615
305940;26,13;9611
306000;26,13;9611
306060;26,13;9600
306120;26,13;9617
306180;26,13;9613
306240;26,13;9607
306300;26,13;9613
306360;26,13;9606
306420;26,13;9614
306480;26,13;9601
306540;26,13;9603
306600;26,13;9600
306660;26,13;9590
306720;26,13;9600
306780;26,13;9619
306840;26,13;9608
306900;26,13;9590
306960;26,13;9607
307020;26,13;9622
307080;26,14;9620
307140;26,14;9624
307200;26,14;9629
307260;26,14;9637
307320;26,14;9633
307380;26,13;9614
307440;26,13;9594
307500;26,13;9593
307560;26,13;9610
307620;26,13;9612
307680;26,13;9592
307740;26,13;9598
307800;26,14;9625
307860;26,14;9619
307920;26,14;9634
307980;26,14;9617
308040;26,14;9607
308100;26,14;9604
308160;26,14;9607
308220;26,14;9636
308280;26,14;9629
308340;26,14;9612
308400;26,14;9635
308460;26,14;9640
308520;26,14;9626
308580;26,14;9625
308640;26,14;9633
308700;26,14;9632
308760;26,15;9651
308820;26,18;9768
308880;26,19;9806
308940;26,13;9593
309000;26,14;9594
309060;26,14;9599
309120;26,14;9587
309180;26,11;9508
309240;26,15;9620
309300;26,16;9691
309360;26,16;9685
309420;26,16;9675
309480;26,16;9685
309540;26,17;9693
309600;26,16;9662
309660;26,15;9638
309720;26,15;9615
309780;26,14;9610
309840;26,15;9613
309900;26,14;9604
309960;26,15;9637
310020;26,15;9625
310080;26,15;9609
310140;26,15;9625
310200;26,15;9610
310260;26,15;9592
310320;26,15;9605
310380;26,15;9598
310440;26,15;9619
310500;26,15;9605
310560;26,15;9586
310620;26,15;9605
310680;26,15;9605
310740;26,15;9593
310800;26,14;9578
310860;26,14;9565
310920;26,15;9593
310980;26,15;9611
311040;26,15;9612
311100;26,15;9614
311160;26,15;9600
311220;26,15;9614
311280;26,16;9642
311340;26,16;9641
311400;26,16;9645
311460;26,16;9623
311520;26,16;9617
311580;26,16;9635
311640;26,16;9638
311700;26,17;9661
311760;26,16;9625
311820;26,16;9650
311880;26,16;9612
311940;26,16;9623
312000;26,16;9627
312060;26,16;9613
312120;26,15;9600
312180;26,16;9641
312240;26,16;9639
312300;26,17;9651
312360;26,17;9647
312420;26,17;9655
312480;26,16;9638
312540;26,16;9629
312600;26,17;9637
312660;26,16;9592
312720;26,16;9605
312780;26,16;9610
312840;26,15;9568
312900;26,15;9583
312960;26,15;9579
313020;26,15;9563
313080;26,16;9615
313140;26,16;9615
313200;26,16;9617
313260;26,16;9601
313320;26,16;9619
313380;26,20;9730
313440;26,19;9715
313500;26,17;9645
313560;26,17;9641
313620;26,17;9643
313680;26,17;9634
313740;26,18;9682
313800;26,18;9682
313860;26,18;9682
313920;26,19;9686
313980;26,19;9701
314040;26,20;9730
314100;26,20;9709
314160;26,20;9715
314220;26,19;9699
314280;26,19;9706
314340;26,19;9692
314400;26,19;9683
314460;26,18;9666
314520;26,19;9683
314580;26,19;9678
314640;26,18;9646
314700;26,17;9631
314760;26,17;9623
314820;26,17;9604
314880;26,17;9603
314940;26,18;9649
315000;26,19;9682
315060;26,18;9636
315120;26,17;9603
315180;26,17;9613
315240;26,17;9596
315300;26,17;9605
315360;26,17;9606
315420;26,17;9604
315480;26,18;9641
315540;26,18;9619
315600;26,18;9609
315660;26,18;9607
315720;26,17;9580
315780;26,18;9598
315840;26,17;9584
315900;26,18;9596
315960;26,17;9573
316020;26,17;9584
316080;26,17;9574
316140;26,18;9592
316200;26,17;9586
316260;26,17;9568
316320;26,17;9555
316380;26,17;9578
316440;26,16;9550
316500;26,17;9584
316560;26,19;9638
316620;26,19;9644
316680;26,19;9635
316740;26,19;9641
316800;26,19;9656
316860;26,19;9656
316920;26,19;9647
316980;26,19;9646
317040;26,20;9675
317100;26,19;9660
317160;26,18;9610
317220;26,18;9598
317280;26,18;9616
317340;26,18;9610
317400;26,18;9614
317460;26,18;9611
317520;26,18;9603
317580;26,18;9616
317640;26,18;9593
317700;26,18;9590
317760;26,18;9597
317820;26,17;9589
317880;26,19;9622
317940;26,19;9660
318000;26,20;9672
318060;26,20;9673
318120;26,20;9660
318180;26,20;9668
318240;26,20;9667
318300;26,19;9612
318360;26,18;9594
318420;26,19;9616
318480;26,18;9602
318540;26,19;9624
318600;26,19;9634
318660;26,18;9596
318720;26,19;9622
318780;26,19;9634
318840;26,19;9628
318900;26,19;9628
318960;26,18;9606
319020;26,19;9618
319080;26,20;9658
319140;26,20;9672
319200;26,20;9653
319260;26,20;9658
319320;26,20;9666
319380;26,20;9651
319440;26,20;9658
319500;26,20;9638
319560;26,19;9631
319620;26,20;9658
319680;26,21;9656
319740;26,21;9661
319800;26,21;9670
319860;26,20;9655
319920;26,20;9629
319980;26,20;9641
320040;26,21;9665
320100;26,21;9663
320160;26,21;9652
320220;26,20;9645
320280;26,21;9661
320340;26,20;9641
320400;26,20;9650
320460;26,21;9654
320520;26,21;9649
320580;26,22;9703
320640;26,22;9682
320700;26,21;9647
320760;26,21;9645
320820;26,21;9659
320880;26,21;9654
320940;26,20;9637
321000;26,21;9645
321060;26,21;9635
321120;26,20;9603
321180;26,19;9589
321240;26,19;9584
321300;26,19;9574
321360;26,19;9561
321420;26,20;9615
321480;26,20;9594
321540;26,19;9576
321600;26,20;9599
